initial state; best solution length; population size; initial sequence length; max iterations; selection ratio; number of crossovers; number of mutations; crossover ratio; tolerance; solution best fitness; solution iteration; solution length; execution time
283164705; 5; 10; 1; 5000; 0.5; 20; 20; 0.5; 30; 0; 9; 5; 5265000
283164705; 5; 10; 1; 5000; 0.5; 20; 20; 0.5; 60; 0; 9; 5; 2185900
283164705; 5; 10; 1; 5000; 0.5; 20; 20; 0.5; 100; 0; 9; 5; 1947900
283164705; 5; 10; 1; 5000; 0.5; 20; 50; 0.5; 30; 0; 8; 5; 3165600
283164705; 5; 10; 1; 5000; 0.5; 20; 50; 0.5; 60; 0; 8; 5; 2804700
283164705; 5; 10; 1; 5000; 0.5; 20; 50; 0.5; 100; 0; 8; 5; 2494300
283164705; 5; 10; 1; 5000; 0.5; 20; 100; 0.5; 30; 0; 8; 5; 3304400
283164705; 5; 10; 1; 5000; 0.5; 20; 100; 0.5; 60; 0; 8; 5; 3138900
283164705; 5; 10; 1; 5000; 0.5; 20; 100; 0.5; 100; 0; 8; 5; 3764500
283164705; 5; 10; 1; 5000; 0.5; 20; 150; 0.5; 30; 0; 7; 5; 1696900
283164705; 5; 10; 1; 5000; 0.5; 20; 150; 0.5; 60; 0; 7; 5; 1415300
283164705; 5; 10; 1; 5000; 0.5; 20; 150; 0.5; 100; 0; 7; 5; 1663300
283164705; 5; 10; 1; 5000; 0.5; 30; 20; 0.5; 30; 0; 7; 5; 836700
283164705; 5; 10; 1; 5000; 0.5; 30; 20; 0.5; 60; 0; 7; 5; 533900
283164705; 5; 10; 1; 5000; 0.5; 30; 20; 0.5; 100; 0; 7; 5; 668000
283164705; 5; 10; 1; 5000; 0.5; 30; 50; 0.5; 30; 0; 4; 7; 478300
283164705; 5; 10; 1; 5000; 0.5; 30; 50; 0.5; 60; 0; 4; 7; 443200
283164705; 5; 10; 1; 5000; 0.5; 30; 50; 0.5; 100; 0; 4; 7; 460500
283164705; 5; 10; 1; 5000; 0.5; 30; 100; 0.5; 30; 0; 4; 5; 678100
283164705; 5; 10; 1; 5000; 0.5; 30; 100; 0.5; 60; 0; 4; 5; 618500
283164705; 5; 10; 1; 5000; 0.5; 30; 100; 0.5; 100; 0; 4; 5; 650600
283164705; 5; 10; 1; 5000; 0.5; 30; 150; 0.5; 30; 0; 6; 5; 1698500
283164705; 5; 10; 1; 5000; 0.5; 30; 150; 0.5; 60; 0; 6; 5; 1563900
283164705; 5; 10; 1; 5000; 0.5; 30; 150; 0.5; 100; 0; 6; 5; 1156700
283164705; 5; 10; 1; 5000; 0.5; 50; 20; 0.5; 30; 0; 6; 5; 1079200
283164705; 5; 10; 1; 5000; 0.5; 50; 20; 0.5; 60; 0; 6; 5; 1621400
283164705; 5; 10; 1; 5000; 0.5; 50; 20; 0.5; 100; 0; 6; 5; 1263000
283164705; 5; 10; 1; 5000; 0.5; 50; 50; 0.5; 30; 0; 4; 5; 1383300
283164705; 5; 10; 1; 5000; 0.5; 50; 50; 0.5; 60; 0; 4; 5; 1124800
283164705; 5; 10; 1; 5000; 0.5; 50; 50; 0.5; 100; 0; 4; 5; 585900
283164705; 5; 10; 1; 5000; 0.5; 50; 100; 0.5; 30; 0; 6; 5; 1426500
283164705; 5; 10; 1; 5000; 0.5; 50; 100; 0.5; 60; 0; 6; 5; 1266000
283164705; 5; 10; 1; 5000; 0.5; 50; 100; 0.5; 100; 0; 6; 5; 1299600
283164705; 5; 10; 1; 5000; 0.5; 50; 150; 0.5; 30; 0; 7; 5; 1826400
283164705; 5; 10; 1; 5000; 0.5; 50; 150; 0.5; 60; 0; 7; 5; 1856600
283164705; 5; 10; 1; 5000; 0.5; 50; 150; 0.5; 100; 0; 7; 5; 1940700
283164705; 5; 50; 1; 5000; 0.5; 20; 20; 0.5; 30; 0; 29; 5; 5574900
283164705; 5; 50; 1; 5000; 0.5; 20; 20; 0.5; 60; 0; 29; 5; 5382500
283164705; 5; 50; 1; 5000; 0.5; 20; 20; 0.5; 100; 0; 29; 5; 5148000
283164705; 5; 50; 1; 5000; 0.5; 20; 50; 0.5; 30; 0; 5; 5; 1091900
283164705; 5; 50; 1; 5000; 0.5; 20; 50; 0.5; 60; 0; 5; 5; 1370800
283164705; 5; 50; 1; 5000; 0.5; 20; 50; 0.5; 100; 0; 5; 5; 1714900
283164705; 5; 50; 1; 5000; 0.5; 20; 100; 0.5; 30; 0; 11; 5; 3963900
283164705; 5; 50; 1; 5000; 0.5; 20; 100; 0.5; 60; 0; 11; 5; 3651300
283164705; 5; 50; 1; 5000; 0.5; 20; 100; 0.5; 100; 0; 11; 5; 4046600
283164705; 5; 50; 1; 5000; 0.5; 20; 150; 0.5; 30; 0; 6; 5; 7657700
283164705; 5; 50; 1; 5000; 0.5; 20; 150; 0.5; 60; 0; 6; 5; 2982700
283164705; 5; 50; 1; 5000; 0.5; 20; 150; 0.5; 100; 0; 6; 5; 2649300
283164705; 5; 50; 1; 5000; 0.5; 30; 20; 0.5; 30; 0; 16; 5; 3589400
283164705; 5; 50; 1; 5000; 0.5; 30; 20; 0.5; 60; 0; 16; 5; 3861500
283164705; 5; 50; 1; 5000; 0.5; 30; 20; 0.5; 100; 0; 16; 5; 3292900
283164705; 5; 50; 1; 5000; 0.5; 30; 50; 0.5; 30; 0; 13; 5; 3625300
283164705; 5; 50; 1; 5000; 0.5; 30; 50; 0.5; 60; 0; 13; 5; 4957900
283164705; 5; 50; 1; 5000; 0.5; 30; 50; 0.5; 100; 0; 13; 5; 3525500
283164705; 5; 50; 1; 5000; 0.5; 30; 100; 0.5; 30; 0; 8; 7; 2179100
283164705; 5; 50; 1; 5000; 0.5; 30; 100; 0.5; 60; 0; 8; 7; 2123000
283164705; 5; 50; 1; 5000; 0.5; 30; 100; 0.5; 100; 0; 8; 7; 2077200
283164705; 5; 50; 1; 5000; 0.5; 30; 150; 0.5; 30; 0; 10; 9; 3437400
283164705; 5; 50; 1; 5000; 0.5; 30; 150; 0.5; 60; 0; 10; 9; 3381100
283164705; 5; 50; 1; 5000; 0.5; 30; 150; 0.5; 100; 0; 10; 9; 4075500
283164705; 5; 50; 1; 5000; 0.5; 50; 20; 0.5; 30; 0; 16; 5; 2885100
283164705; 5; 50; 1; 5000; 0.5; 50; 20; 0.5; 60; 0; 16; 5; 3842300
283164705; 5; 50; 1; 5000; 0.5; 50; 20; 0.5; 100; 0; 16; 5; 3819600
283164705; 5; 50; 1; 5000; 0.5; 50; 50; 0.5; 30; 0; 11; 5; 3200800
283164705; 5; 50; 1; 5000; 0.5; 50; 50; 0.5; 60; 0; 11; 5; 3232600
283164705; 5; 50; 1; 5000; 0.5; 50; 50; 0.5; 100; 0; 11; 5; 2865800
283164705; 5; 50; 1; 5000; 0.5; 50; 100; 0.5; 30; 0; 9; 5; 2850400
283164705; 5; 50; 1; 5000; 0.5; 50; 100; 0.5; 60; 0; 9; 5; 3152300
283164705; 5; 50; 1; 5000; 0.5; 50; 100; 0.5; 100; 0; 9; 5; 2773800
283164705; 5; 50; 1; 5000; 0.5; 50; 150; 0.5; 30; 0; 2; 5; 859600
283164705; 5; 50; 1; 5000; 0.5; 50; 150; 0.5; 60; 0; 2; 5; 728200
283164705; 5; 50; 1; 5000; 0.5; 50; 150; 0.5; 100; 0; 2; 5; 816400
283164705; 5; 100; 1; 5000; 0.5; 20; 20; 0.5; 30; 0; 32; 5; 9197400
283164705; 5; 100; 1; 5000; 0.5; 20; 20; 0.5; 60; 0; 32; 5; 9246200
283164705; 5; 100; 1; 5000; 0.5; 20; 20; 0.5; 100; 0; 32; 5; 10535100
283164705; 5; 100; 1; 5000; 0.5; 20; 50; 0.5; 30; 0; 21; 5; 11832100
283164705; 5; 100; 1; 5000; 0.5; 20; 50; 0.5; 60; 0; 21; 5; 11499700
283164705; 5; 100; 1; 5000; 0.5; 20; 50; 0.5; 100; 0; 21; 5; 11324700
283164705; 5; 100; 1; 5000; 0.5; 20; 100; 0.5; 30; 0; 7; 5; 5282200
283164705; 5; 100; 1; 5000; 0.5; 20; 100; 0.5; 60; 0; 7; 5; 3458700
283164705; 5; 100; 1; 5000; 0.5; 20; 100; 0.5; 100; 0; 7; 5; 3184900
283164705; 5; 100; 1; 5000; 0.5; 20; 150; 0.5; 30; 0; 12; 7; 6097600
283164705; 5; 100; 1; 5000; 0.5; 20; 150; 0.5; 60; 0; 12; 7; 6393500
283164705; 5; 100; 1; 5000; 0.5; 20; 150; 0.5; 100; 0; 12; 7; 6326000
283164705; 5; 100; 1; 5000; 0.5; 30; 20; 0.5; 30; 0; 25; 5; 7287900
283164705; 5; 100; 1; 5000; 0.5; 30; 20; 0.5; 60; 0; 25; 5; 10500300
283164705; 5; 100; 1; 5000; 0.5; 30; 20; 0.5; 100; 0; 25; 5; 7532100
283164705; 5; 100; 1; 5000; 0.5; 30; 50; 0.5; 30; 0; 16; 5; 6305900
283164705; 5; 100; 1; 5000; 0.5; 30; 50; 0.5; 60; 0; 16; 5; 6125900
283164705; 5; 100; 1; 5000; 0.5; 30; 50; 0.5; 100; 0; 16; 5; 6621500
283164705; 5; 100; 1; 5000; 0.5; 30; 100; 0.5; 30; 0; 12; 5; 6368700
283164705; 5; 100; 1; 5000; 0.5; 30; 100; 0.5; 60; 0; 12; 5; 7380700
283164705; 5; 100; 1; 5000; 0.5; 30; 100; 0.5; 100; 0; 12; 5; 8512600
283164705; 5; 100; 1; 5000; 0.5; 30; 150; 0.5; 30; 0; 8; 5; 6611500
283164705; 5; 100; 1; 5000; 0.5; 30; 150; 0.5; 60; 0; 8; 5; 6245500
283164705; 5; 100; 1; 5000; 0.5; 30; 150; 0.5; 100; 0; 8; 5; 4683300
283164705; 5; 100; 1; 5000; 0.5; 50; 20; 0.5; 30; 0; 30; 5; 10083300
283164705; 5; 100; 1; 5000; 0.5; 50; 20; 0.5; 60; 0; 30; 5; 11001200
283164705; 5; 100; 1; 5000; 0.5; 50; 20; 0.5; 100; 0; 30; 5; 10839900
283164705; 5; 100; 1; 5000; 0.5; 50; 50; 0.5; 30; 0; 18; 5; 7423500
283164705; 5; 100; 1; 5000; 0.5; 50; 50; 0.5; 60; 0; 18; 5; 7005900
283164705; 5; 100; 1; 5000; 0.5; 50; 50; 0.5; 100; 0; 18; 5; 9201200
283164705; 5; 100; 1; 5000; 0.5; 50; 100; 0.5; 30; 0; 12; 5; 6382500
283164705; 5; 100; 1; 5000; 0.5; 50; 100; 0.5; 60; 0; 12; 5; 6196700
283164705; 5; 100; 1; 5000; 0.5; 50; 100; 0.5; 100; 0; 12; 5; 6274000
283164705; 5; 100; 1; 5000; 0.5; 50; 150; 0.5; 30; 0; 8; 5; 4976300
283164705; 5; 100; 1; 5000; 0.5; 50; 150; 0.5; 60; 0; 8; 5; 4822700
283164705; 5; 100; 1; 5000; 0.5; 50; 150; 0.5; 100; 0; 8; 5; 4921700
364102875; 10; 10; 1; 5000; 0.5; 20; 20; 0.5; 30; 0; 51; 10; 3308200
364102875; 10; 10; 1; 5000; 0.5; 20; 20; 0.5; 60; 0; 51; 10; 3384300
364102875; 10; 10; 1; 5000; 0.5; 20; 20; 0.5; 100; 0; 51; 10; 3304500
364102875; 10; 10; 1; 5000; 0.5; 20; 50; 0.5; 30; 0; 25; 10; 2298700
364102875; 10; 10; 1; 5000; 0.5; 20; 50; 0.5; 60; 0; 25; 10; 3228300
364102875; 10; 10; 1; 5000; 0.5; 20; 50; 0.5; 100; 0; 25; 10; 3554500
364102875; 10; 10; 1; 5000; 0.5; 20; 100; 0.5; 30; 0; 28; 12; 6436700
364102875; 10; 10; 1; 5000; 0.5; 20; 100; 0.5; 60; 0; 28; 12; 4753600
364102875; 10; 10; 1; 5000; 0.5; 20; 100; 0.5; 100; 0; 28; 12; 4647900
364102875; 10; 10; 1; 5000; 0.5; 20; 150; 0.5; 30; 0; 9; 14; 6445700
364102875; 10; 10; 1; 5000; 0.5; 20; 150; 0.5; 60; 0; 9; 14; 1304400
364102875; 10; 10; 1; 5000; 0.5; 20; 150; 0.5; 100; 0; 9; 14; 1647800
364102875; 10; 10; 1; 5000; 0.5; 30; 20; 0.5; 30; 0; 57; 10; 3558500
364102875; 10; 10; 1; 5000; 0.5; 30; 20; 0.5; 60; 0; 151; 12; 12781900
364102875; 10; 10; 1; 5000; 0.5; 30; 20; 0.5; 100; 0; 99; 10; 6212800
364102875; 10; 10; 1; 5000; 0.5; 30; 50; 0.5; 30; 0; 54; 12; 7329500
364102875; 10; 10; 1; 5000; 0.5; 30; 50; 0.5; 60; 0; 111; 14; 14712200
364102875; 10; 10; 1; 5000; 0.5; 30; 50; 0.5; 100; 0; 97; 10; 12693400
364102875; 10; 10; 1; 5000; 0.5; 30; 100; 0.5; 30; 0; 20; 10; 3153200
364102875; 10; 10; 1; 5000; 0.5; 30; 100; 0.5; 60; 0; 20; 10; 4909400
364102875; 10; 10; 1; 5000; 0.5; 30; 100; 0.5; 100; 0; 20; 10; 3678700
364102875; 10; 10; 1; 5000; 0.5; 30; 150; 0.5; 30; 0; 15; 12; 3281800
364102875; 10; 10; 1; 5000; 0.5; 30; 150; 0.5; 60; 0; 15; 12; 3270800
364102875; 10; 10; 1; 5000; 0.5; 30; 150; 0.5; 100; 0; 15; 12; 2854100
364102875; 10; 10; 1; 5000; 0.5; 50; 20; 0.5; 30; 0; 39; 10; 3242800
364102875; 10; 10; 1; 5000; 0.5; 50; 20; 0.5; 60; 0; 39; 10; 3391700
364102875; 10; 10; 1; 5000; 0.5; 50; 20; 0.5; 100; 0; 39; 10; 3344600
364102875; 10; 10; 1; 5000; 0.5; 50; 50; 0.5; 30; 0; 17; 10; 3139200
364102875; 10; 10; 1; 5000; 0.5; 50; 50; 0.5; 60; 0; 17; 10; 2973500
364102875; 10; 10; 1; 5000; 0.5; 50; 50; 0.5; 100; 0; 17; 10; 3361500
364102875; 10; 10; 1; 5000; 0.5; 50; 100; 0.5; 30; 0; 16; 10; 4830700
364102875; 10; 10; 1; 5000; 0.5; 50; 100; 0.5; 60; 0; 16; 10; 4078700
364102875; 10; 10; 1; 5000; 0.5; 50; 100; 0.5; 100; 0; 16; 10; 4324500
364102875; 10; 10; 1; 5000; 0.5; 50; 150; 0.5; 30; 0; 16; 10; 5218700
364102875; 10; 10; 1; 5000; 0.5; 50; 150; 0.5; 60; 0; 16; 10; 5016700
364102875; 10; 10; 1; 5000; 0.5; 50; 150; 0.5; 100; 0; 16; 10; 4509100
364102875; 10; 50; 1; 5000; 0.5; 20; 20; 0.5; 30; 0; 82; 10; 20002900
364102875; 10; 50; 1; 5000; 0.5; 20; 20; 0.5; 60; 0; 82; 10; 19421500
364102875; 10; 50; 1; 5000; 0.5; 20; 20; 0.5; 100; 0; 82; 10; 17407700
364102875; 10; 50; 1; 5000; 0.5; 20; 50; 0.5; 30; 0; 30; 10; 7501800
364102875; 10; 50; 1; 5000; 0.5; 20; 50; 0.5; 60; 0; 30; 10; 8310600
364102875; 10; 50; 1; 5000; 0.5; 20; 50; 0.5; 100; 0; 30; 10; 7548800
364102875; 10; 50; 1; 5000; 0.5; 20; 100; 0.5; 30; 0; 39; 12; 13341600
364102875; 10; 50; 1; 5000; 0.5; 20; 100; 0.5; 60; 0; 39; 12; 15120200
364102875; 10; 50; 1; 5000; 0.5; 20; 100; 0.5; 100; 0; 39; 12; 13232500
364102875; 10; 50; 1; 5000; 0.5; 20; 150; 0.5; 30; 0; 21; 12; 8397400
364102875; 10; 50; 1; 5000; 0.5; 20; 150; 0.5; 60; 0; 21; 12; 10472000
364102875; 10; 50; 1; 5000; 0.5; 20; 150; 0.5; 100; 0; 21; 12; 8325100
364102875; 10; 50; 1; 5000; 0.5; 30; 20; 0.5; 30; 0; 62; 10; 12037300
364102875; 10; 50; 1; 5000; 0.5; 30; 20; 0.5; 60; 0; 62; 10; 11454900
364102875; 10; 50; 1; 5000; 0.5; 30; 20; 0.5; 100; 0; 62; 10; 10562800
364102875; 10; 50; 1; 5000; 0.5; 30; 50; 0.5; 30; 0; 44; 12; 11954200
364102875; 10; 50; 1; 5000; 0.5; 30; 50; 0.5; 60; 0; 44; 12; 14299200
364102875; 10; 50; 1; 5000; 0.5; 30; 50; 0.5; 100; 0; 44; 12; 11540000
364102875; 10; 50; 1; 5000; 0.5; 30; 100; 0.5; 30; 0; 70; 16; 27277000
364102875; 10; 50; 1; 5000; 0.5; 30; 100; 0.5; 60; 0; 63; 10; 18037900
364102875; 10; 50; 1; 5000; 0.5; 30; 100; 0.5; 100; 0; 63; 10; 18868300
364102875; 10; 50; 1; 5000; 0.5; 30; 150; 0.5; 30; 0; 28; 20; 9947600
364102875; 10; 50; 1; 5000; 0.5; 30; 150; 0.5; 60; 0; 28; 20; 11385600
364102875; 10; 50; 1; 5000; 0.5; 30; 150; 0.5; 100; 0; 28; 20; 11516200
364102875; 10; 50; 1; 5000; 0.5; 50; 20; 0.5; 30; 0; 47; 10; 7881400
364102875; 10; 50; 1; 5000; 0.5; 50; 20; 0.5; 60; 0; 47; 10; 8398500
364102875; 10; 50; 1; 5000; 0.5; 50; 20; 0.5; 100; 0; 47; 10; 7880900
364102875; 10; 50; 1; 5000; 0.5; 50; 50; 0.5; 30; 0; 34; 10; 9853800
364102875; 10; 50; 1; 5000; 0.5; 50; 50; 0.5; 60; 0; 34; 10; 9884900
364102875; 10; 50; 1; 5000; 0.5; 50; 50; 0.5; 100; 0; 34; 10; 10011800
364102875; 10; 50; 1; 5000; 0.5; 50; 100; 0.5; 30; 0; 29; 10; 11331200
364102875; 10; 50; 1; 5000; 0.5; 50; 100; 0.5; 60; 0; 29; 10; 11362000
364102875; 10; 50; 1; 5000; 0.5; 50; 100; 0.5; 100; 0; 29; 10; 12028400
364102875; 10; 50; 1; 5000; 0.5; 50; 150; 0.5; 30; 0; 28; 10; 11942300
364102875; 10; 50; 1; 5000; 0.5; 50; 150; 0.5; 60; 0; 28; 10; 13100200
364102875; 10; 50; 1; 5000; 0.5; 50; 150; 0.5; 100; 0; 28; 10; 12584800
364102875; 10; 100; 1; 5000; 0.5; 20; 20; 0.5; 30; 0; 140; 10; 42187900
364102875; 10; 100; 1; 5000; 0.5; 20; 20; 0.5; 60; 0; 126; 10; 35407700
364102875; 10; 100; 1; 5000; 0.5; 20; 20; 0.5; 100; 0; 126; 10; 37316500
364102875; 10; 100; 1; 5000; 0.5; 20; 50; 0.5; 30; 0; 105; 10; 36259300
364102875; 10; 100; 1; 5000; 0.5; 20; 50; 0.5; 60; 0; 105; 10; 36892500
364102875; 10; 100; 1; 5000; 0.5; 20; 50; 0.5; 100; 0; 105; 10; 36622600
364102875; 10; 100; 1; 5000; 0.5; 20; 100; 0.5; 30; 0; 38; 10; 18805300
364102875; 10; 100; 1; 5000; 0.5; 20; 100; 0.5; 60; 0; 38; 10; 16883600
364102875; 10; 100; 1; 5000; 0.5; 20; 100; 0.5; 100; 0; 38; 10; 15612300
364102875; 10; 100; 1; 5000; 0.5; 20; 150; 0.5; 30; 0; 26; 18; 13899200
364102875; 10; 100; 1; 5000; 0.5; 20; 150; 0.5; 60; 0; 26; 18; 13589000
364102875; 10; 100; 1; 5000; 0.5; 20; 150; 0.5; 100; 0; 26; 18; 14096000
364102875; 10; 100; 1; 5000; 0.5; 30; 20; 0.5; 30; 0; 125; 10; 32978000
364102875; 10; 100; 1; 5000; 0.5; 30; 20; 0.5; 60; 0; 124; 10; 36217700
364102875; 10; 100; 1; 5000; 0.5; 30; 20; 0.5; 100; 0; 124; 10; 35598700
364102875; 10; 100; 1; 5000; 0.5; 30; 50; 0.5; 30; 0; 79; 10; 34906800
364102875; 10; 100; 1; 5000; 0.5; 30; 50; 0.5; 60; 0; 78; 10; 28579000
364102875; 10; 100; 1; 5000; 0.5; 30; 50; 0.5; 100; 0; 78; 10; 27258900
364102875; 10; 100; 1; 5000; 0.5; 30; 100; 0.5; 30; 0; 48; 16; 23409100
364102875; 10; 100; 1; 5000; 0.5; 30; 100; 0.5; 60; 0; 48; 16; 25222100
364102875; 10; 100; 1; 5000; 0.5; 30; 100; 0.5; 100; 0; 48; 16; 27061900
364102875; 10; 100; 1; 5000; 0.5; 30; 150; 0.5; 30; 0; 37; 16; 22752200
364102875; 10; 100; 1; 5000; 0.5; 30; 150; 0.5; 60; 0; 37; 16; 21043000
364102875; 10; 100; 1; 5000; 0.5; 30; 150; 0.5; 100; 0; 37; 16; 20093200
364102875; 10; 100; 1; 5000; 0.5; 50; 20; 0.5; 30; 0; 87; 10; 21277800
364102875; 10; 100; 1; 5000; 0.5; 50; 20; 0.5; 60; 0; 87; 10; 20383000
364102875; 10; 100; 1; 5000; 0.5; 50; 20; 0.5; 100; 0; 87; 10; 20011600
364102875; 10; 100; 1; 5000; 0.5; 50; 50; 0.5; 30; 0; 65; 12; 23976700
364102875; 10; 100; 1; 5000; 0.5; 50; 50; 0.5; 60; 0; 65; 12; 23906700
364102875; 10; 100; 1; 5000; 0.5; 50; 50; 0.5; 100; 0; 65; 12; 24131400
364102875; 10; 100; 1; 5000; 0.5; 50; 100; 0.5; 30; 0; 40; 10; 17615400
364102875; 10; 100; 1; 5000; 0.5; 50; 100; 0.5; 60; 0; 40; 10; 17984900
364102875; 10; 100; 1; 5000; 0.5; 50; 100; 0.5; 100; 0; 40; 10; 17586000
364102875; 10; 100; 1; 5000; 0.5; 50; 150; 0.5; 30; 0; 35; 12; 17729800
364102875; 10; 100; 1; 5000; 0.5; 50; 150; 0.5; 60; 0; 35; 12; 19580300
364102875; 10; 100; 1; 5000; 0.5; 50; 150; 0.5; 100; 0; 35; 12; 21054200
304165827; 13; 10; 1; 5000; 0.5; 20; 20; 0.5; 30; 0; 183; 21; 11183700
304165827; 13; 10; 1; 5000; 0.5; 20; 20; 0.5; 60; 0; 99; 13; 5943300
304165827; 13; 10; 1; 5000; 0.5; 20; 20; 0.5; 100; 0; 158; 13; 8813500
304165827; 13; 10; 1; 5000; 0.5; 20; 50; 0.5; 30; 0; 90; 13; 7763000
304165827; 13; 10; 1; 5000; 0.5; 20; 50; 0.5; 60; 0; 206; 17; 19273800
304165827; 13; 10; 1; 5000; 0.5; 20; 50; 0.5; 100; 0; 161; 13; 13004300
304165827; 13; 10; 1; 5000; 0.5; 20; 100; 0.5; 30; 0; 84; 21; 11434600
304165827; 13; 10; 1; 5000; 0.5; 20; 100; 0.5; 60; 0; 112; 19; 13957100
304165827; 13; 10; 1; 5000; 0.5; 20; 100; 0.5; 100; 0; 112; 17; 12735300
304165827; 13; 10; 1; 5000; 0.5; 20; 150; 0.5; 30; 0; 60; 29; 7758900
304165827; 13; 10; 1; 5000; 0.5; 20; 150; 0.5; 60; 0; 60; 29; 7716100
304165827; 13; 10; 1; 5000; 0.5; 20; 150; 0.5; 100; 0; 60; 29; 7610700
304165827; 13; 10; 1; 5000; 0.5; 30; 20; 0.5; 30; 0; 92; 13; 5222700
304165827; 13; 10; 1; 5000; 0.5; 30; 20; 0.5; 60; 0; 116; 13; 6111600
304165827; 13; 10; 1; 5000; 0.5; 30; 20; 0.5; 100; 0; 139; 13; 7105200
304165827; 13; 10; 1; 5000; 0.5; 30; 50; 0.5; 30; 0; 86; 15; 8013400
304165827; 13; 10; 1; 5000; 0.5; 30; 50; 0.5; 60; 0; 105; 13; 11670000
304165827; 13; 10; 1; 5000; 0.5; 30; 50; 0.5; 100; 0; 183; 13; 15968800
304165827; 13; 10; 1; 5000; 0.5; 30; 100; 0.5; 30; 0; 84; 13; 10092800
304165827; 13; 10; 1; 5000; 0.5; 30; 100; 0.5; 60; 0; 74; 15; 7959200
304165827; 13; 10; 1; 5000; 0.5; 30; 100; 0.5; 100; 0; 76; 15; 8282500
304165827; 13; 10; 1; 5000; 0.5; 30; 150; 0.5; 30; 0; 109; 19; 15530900
304165827; 13; 10; 1; 5000; 0.5; 30; 150; 0.5; 60; 0; 120; 17; 17263700
304165827; 13; 10; 1; 5000; 0.5; 30; 150; 0.5; 100; 0; 120; 17; 17142900
304165827; 13; 10; 1; 5000; 0.5; 50; 20; 0.5; 30; 0; 93; 13; 5334700
304165827; 13; 10; 1; 5000; 0.5; 50; 20; 0.5; 60; 0; 123; 13; 7052800
304165827; 13; 10; 1; 5000; 0.5; 50; 20; 0.5; 100; 0; 624; 21; 43859700
304165827; 13; 10; 1; 5000; 0.5; 50; 50; 0.5; 30; 0; 38; 13; 4491500
304165827; 13; 10; 1; 5000; 0.5; 50; 50; 0.5; 60; 0; 38; 13; 4485700
304165827; 13; 10; 1; 5000; 0.5; 50; 50; 0.5; 100; 0; 38; 13; 4572700
304165827; 13; 10; 1; 5000; 0.5; 50; 100; 0.5; 30; 0; 31; 15; 5418400
304165827; 13; 10; 1; 5000; 0.5; 50; 100; 0.5; 60; 0; 31; 15; 5392300
304165827; 13; 10; 1; 5000; 0.5; 50; 100; 0.5; 100; 0; 31; 15; 5342800
304165827; 13; 10; 1; 5000; 0.5; 50; 150; 0.5; 30; 0; 25; 13; 5041400
304165827; 13; 10; 1; 5000; 0.5; 50; 150; 0.5; 60; 0; 25; 13; 4963900
304165827; 13; 10; 1; 5000; 0.5; 50; 150; 0.5; 100; 0; 25; 13; 5078300
304165827; 13; 50; 1; 5000; 0.5; 20; 20; 0.5; 30; 0; 136; 13; 17511700
304165827; 13; 50; 1; 5000; 0.5; 20; 20; 0.5; 60; 0; 288; 15; 37473600
304165827; 13; 50; 1; 5000; 0.5; 20; 20; 0.5; 100; 0; 262; 13; 31407600
304165827; 13; 50; 1; 5000; 0.5; 20; 50; 0.5; 30; 0; 156; 13; 29572600
304165827; 13; 50; 1; 5000; 0.5; 20; 50; 0.5; 60; 0; 224; 13; 42442200
304165827; 13; 50; 1; 5000; 0.5; 20; 50; 0.5; 100; 0; 306; 13; 56654400
304165827; 13; 50; 1; 5000; 0.5; 20; 100; 0.5; 30; 0; 119; 19; 30064300
304165827; 13; 50; 1; 5000; 0.5; 20; 100; 0.5; 60; 0; 215; 17; 54667100
304165827; 13; 50; 1; 5000; 0.5; 20; 100; 0.5; 100; 0; 164; 31; 37955800
304165827; 13; 50; 1; 5000; 0.5; 20; 150; 0.5; 30; 0; 128; 19; 50094900
304165827; 13; 50; 1; 5000; 0.5; 20; 150; 0.5; 60; 0; 67; 25; 20585700
304165827; 13; 50; 1; 5000; 0.5; 20; 150; 0.5; 100; 0; 67; 25; 21662300
304165827; 13; 50; 1; 5000; 0.5; 30; 20; 0.5; 30; 0; 169; 15; 25071500
304165827; 13; 50; 1; 5000; 0.5; 30; 20; 0.5; 60; 0; 212; 13; 28663800
304165827; 13; 50; 1; 5000; 0.5; 30; 20; 0.5; 100; 0; 268; 13; 34143700
304165827; 13; 50; 1; 5000; 0.5; 30; 50; 0.5; 30; 0; 221; 17; 52388400
304165827; 13; 50; 1; 5000; 0.5; 30; 50; 0.5; 60; 0; 176; 15; 34814800
304165827; 13; 50; 1; 5000; 0.5; 30; 50; 0.5; 100; 0; 209; 13; 39015100
304165827; 13; 50; 1; 5000; 0.5; 30; 100; 0.5; 30; 0; 204; 15; 57631000
304165827; 13; 50; 1; 5000; 0.5; 30; 100; 0.5; 60; 0; 117; 17; 28667400
304165827; 13; 50; 1; 5000; 0.5; 30; 100; 0.5; 100; 0; 280; 13; 72813600
304165827; 13; 50; 1; 5000; 0.5; 30; 150; 0.5; 30; 0; 178; 21; 61970500
304165827; 13; 50; 1; 5000; 0.5; 30; 150; 0.5; 60; 0; 138; 25; 39810400
304165827; 13; 50; 1; 5000; 0.5; 30; 150; 0.5; 100; 0; 262; 17; 81658100
304165827; 13; 50; 1; 5000; 0.5; 50; 20; 0.5; 30; 0; 120; 13; 17462500
304165827; 13; 50; 1; 5000; 0.5; 50; 20; 0.5; 60; 0; 170; 13; 25921600
304165827; 13; 50; 1; 5000; 0.5; 50; 20; 0.5; 100; 0; 230; 13; 30819300
304165827; 13; 50; 1; 5000; 0.5; 50; 50; 0.5; 30; 0; 86; 13; 18856800
304165827; 13; 50; 1; 5000; 0.5; 50; 50; 0.5; 60; 0; 103; 13; 20292000
304165827; 13; 50; 1; 5000; 0.5; 50; 50; 0.5; 100; 0; 244; 13; 51314900
304165827; 13; 50; 1; 5000; 0.5; 50; 100; 0.5; 30; 0; 73; 13; 21494900
304165827; 13; 50; 1; 5000; 0.5; 50; 100; 0.5; 60; 0; 229; 15; 70267400
304165827; 13; 50; 1; 5000; 0.5; 50; 100; 0.5; 100; 0; 173; 17; 47581700
304165827; 13; 50; 1; 5000; 0.5; 50; 150; 0.5; 30; 0; 84; 13; 28798600
304165827; 13; 50; 1; 5000; 0.5; 50; 150; 0.5; 60; 0; 120; 13; 39692900
304165827; 13; 50; 1; 5000; 0.5; 50; 150; 0.5; 100; 0; 194; 13; 66387900
304165827; 13; 100; 1; 5000; 0.5; 20; 20; 0.5; 30; 0; 223; 13; 53443600
304165827; 13; 100; 1; 5000; 0.5; 20; 20; 0.5; 60; 0; 344; 15; 93597500
304165827; 13; 100; 1; 5000; 0.5; 20; 20; 0.5; 100; 0; 305; 15; 71394200
304165827; 13; 100; 1; 5000; 0.5; 20; 50; 0.5; 30; 0; 199; 13; 61621300
304165827; 13; 100; 1; 5000; 0.5; 20; 50; 0.5; 60; 0; 332; 13; 98930800
304165827; 13; 100; 1; 5000; 0.5; 20; 50; 0.5; 100; 0; 418; 15; 119082400
304165827; 13; 100; 1; 5000; 0.5; 20; 100; 0.5; 30; 0; 241; 17; 108054700
304165827; 13; 100; 1; 5000; 0.5; 20; 100; 0.5; 60; 0; 231; 13; 90978900
304165827; 13; 100; 1; 5000; 0.5; 20; 100; 0.5; 100; 0; 287; 17; 107056000
304165827; 13; 100; 1; 5000; 0.5; 20; 150; 0.5; 30; 0; 76; 23; 38524100
304165827; 13; 100; 1; 5000; 0.5; 20; 150; 0.5; 60; 0; 127; 19; 61121400
304165827; 13; 100; 1; 5000; 0.5; 20; 150; 0.5; 100; 0; 166; 23; 86856800
304165827; 13; 100; 1; 5000; 0.5; 30; 20; 0.5; 30; 0; 140; 13; 29521300
304165827; 13; 100; 1; 5000; 0.5; 30; 20; 0.5; 60; 0; 291; 13; 63382300
304165827; 13; 100; 1; 5000; 0.5; 30; 20; 0.5; 100; 0; 328; 13; 68142700
304165827; 13; 100; 1; 5000; 0.5; 30; 50; 0.5; 30; 0; 142; 19; 43656900
304165827; 13; 100; 1; 5000; 0.5; 30; 50; 0.5; 60; 0; 198; 13; 55685400
304165827; 13; 100; 1; 5000; 0.5; 30; 50; 0.5; 100; 0; 309; 13; 88796200
304165827; 13; 100; 1; 5000; 0.5; 30; 100; 0.5; 30; 0; 112; 13; 41603400
304165827; 13; 100; 1; 5000; 0.5; 30; 100; 0.5; 60; 0; 316; 13; 132560100
304165827; 13; 100; 1; 5000; 0.5; 30; 100; 0.5; 100; 0; 288; 15; 111458000
304165827; 13; 100; 1; 5000; 0.5; 30; 150; 0.5; 30; 0; 209; 21; 110257300
304165827; 13; 100; 1; 5000; 0.5; 30; 150; 0.5; 60; 0; 125; 15; 52305500
304165827; 13; 100; 1; 5000; 0.5; 30; 150; 0.5; 100; 0; 198; 15; 86475000
304165827; 13; 100; 1; 5000; 0.5; 50; 20; 0.5; 30; 0; 164; 13; 36955100
304165827; 13; 100; 1; 5000; 0.5; 50; 20; 0.5; 60; 0; 223; 13; 49590500
304165827; 13; 100; 1; 5000; 0.5; 50; 20; 0.5; 100; 0; 303; 15; 63183000
304165827; 13; 100; 1; 5000; 0.5; 50; 50; 0.5; 30; 0; 138; 13; 48239500
304165827; 13; 100; 1; 5000; 0.5; 50; 50; 0.5; 60; 0; 199; 13; 62635800
304165827; 13; 100; 1; 5000; 0.5; 50; 50; 0.5; 100; 0; 191; 13; 55614300
304165827; 13; 100; 1; 5000; 0.5; 50; 100; 0.5; 30; 0; 123; 15; 51527700
304165827; 13; 100; 1; 5000; 0.5; 50; 100; 0.5; 60; 0; 137; 13; 54732300
304165827; 13; 100; 1; 5000; 0.5; 50; 100; 0.5; 100; 0; 204; 13; 80264500
304165827; 13; 100; 1; 5000; 0.5; 50; 150; 0.5; 30; 0; 114; 15; 55691800
304165827; 13; 100; 1; 5000; 0.5; 50; 150; 0.5; 60; 0; 167; 19; 81626500
304165827; 13; 100; 1; 5000; 0.5; 50; 150; 0.5; 100; 0; 180; 15; 84851500
213804675; 18; 10; 1; 5000; 0.5; 20; 20; 0.5; 30; 0; 1165; 78; 126592800
213804675; 18; 10; 1; 5000; 0.5; 20; 20; 0.5; 60; 0; 2750; 92; 332929000
213804675; 18; 10; 1; 5000; 0.5; 20; 20; 0.5; 100; 4; 5000; 100; 649591600
213804675; 18; 10; 1; 5000; 0.5; 20; 50; 0.5; 30; 0; 1230; 82; 191936800
213804675; 18; 10; 1; 5000; 0.5; 20; 50; 0.5; 60; 0; 939; 36; 98142200
213804675; 18; 10; 1; 5000; 0.5; 20; 50; 0.5; 100; 0; 3893; 78; 607601600
213804675; 18; 10; 1; 5000; 0.5; 20; 100; 0.5; 30; 0; 873; 64; 139084200
213804675; 18; 10; 1; 5000; 0.5; 20; 100; 0.5; 60; 0; 2009; 72; 354552800
213804675; 18; 10; 1; 5000; 0.5; 20; 100; 0.5; 100; 0; 2962; 74; 500307600
213804675; 18; 10; 1; 5000; 0.5; 20; 150; 0.5; 30; 0; 769; 132; 181973100
213804675; 18; 10; 1; 5000; 0.5; 20; 150; 0.5; 60; 0; 737; 78; 128347200
213804675; 18; 10; 1; 5000; 0.5; 20; 150; 0.5; 100; 0; 910; 84; 169324400
213804675; 18; 10; 1; 5000; 0.5; 30; 20; 0.5; 30; 0; 1727; 114; 266453600
213804675; 18; 10; 1; 5000; 0.5; 30; 20; 0.5; 60; 0; 1681; 58; 173902500
213804675; 18; 10; 1; 5000; 0.5; 30; 20; 0.5; 100; 0; 2437; 52; 241424700
213804675; 18; 10; 1; 5000; 0.5; 30; 50; 0.5; 30; 0; 1127; 76; 207904300
213804675; 18; 10; 1; 5000; 0.5; 30; 50; 0.5; 60; 0; 1795; 62; 307026100
213804675; 18; 10; 1; 5000; 0.5; 30; 50; 0.5; 100; 0; 2440; 54; 445414500
213804675; 18; 10; 1; 5000; 0.5; 30; 100; 0.5; 30; 0; 881; 60; 222033600
213804675; 18; 10; 1; 5000; 0.5; 30; 100; 0.5; 60; 0; 1679; 62; 360005400
213804675; 18; 10; 1; 5000; 0.5; 30; 100; 0.5; 100; 0; 2275; 50; 474216900
213804675; 18; 10; 1; 5000; 0.5; 30; 150; 0.5; 30; 0; 919; 64; 240361300
213804675; 18; 10; 1; 5000; 0.5; 30; 150; 0.5; 60; 0; 1159; 42; 249683100
213804675; 18; 10; 1; 5000; 0.5; 30; 150; 0.5; 100; 0; 2211; 46; 488203300
213804675; 18; 10; 1; 5000; 0.5; 50; 20; 0.5; 30; 0; 2675; 176; 600714500
213804675; 18; 10; 1; 5000; 0.5; 50; 20; 0.5; 60; 0; 2934; 98; 522179200
213804675; 18; 10; 1; 5000; 0.5; 50; 20; 0.5; 100; 0; 3637; 74; 575171000
213804675; 18; 10; 1; 5000; 0.5; 50; 50; 0.5; 30; 0; 2431; 158; 1011209700
213804675; 18; 10; 1; 5000; 0.5; 50; 50; 0.5; 60; 0; 2276; 80; 726959800
213804675; 18; 10; 1; 5000; 0.5; 50; 50; 0.5; 100; 0; 2111; 46; 528204400
213804675; 18; 10; 1; 5000; 0.5; 50; 100; 0.5; 30; 0; 1091; 76; 436144100
213804675; 18; 10; 1; 5000; 0.5; 50; 100; 0.5; 60; 0; 1863; 64; 671883900
213804675; 18; 10; 1; 5000; 0.5; 50; 100; 0.5; 100; 0; 2441; 54; 701726600
213804675; 18; 10; 1; 5000; 0.5; 50; 150; 0.5; 30; 0; 438; 32; 115047400
213804675; 18; 10; 1; 5000; 0.5; 50; 150; 0.5; 60; 0; 1328; 48; 396632800
213804675; 18; 10; 1; 5000; 0.5; 50; 150; 0.5; 100; 0; 2430; 54; 798541000
213804675; 18; 50; 1; 5000; 0.5; 20; 20; 0.5; 30; 0; 873; 58; 215687500
213804675; 18; 50; 1; 5000; 0.5; 20; 20; 0.5; 60; 0; 3065; 100; 1013977300
213804675; 18; 50; 1; 5000; 0.5; 20; 20; 0.5; 100; 4; 5000; 100; 1547482200
213804675; 18; 50; 1; 5000; 0.5; 20; 50; 0.5; 30; 0; 1718; 114; 825240800
213804675; 18; 50; 1; 5000; 0.5; 20; 50; 0.5; 60; 0; 2572; 84; 1087164300
213804675; 18; 50; 1; 5000; 0.5; 20; 50; 0.5; 100; 4; 5000; 100; 2492412000
213804675; 18; 50; 1; 5000; 0.5; 20; 100; 0.5; 30; 0; 1064; 68; 514293100
213804675; 18; 50; 1; 5000; 0.5; 20; 100; 0.5; 60; 0; 2937; 96; 1731976800
213804675; 18; 50; 1; 5000; 0.5; 20; 100; 0.5; 100; 0; 1953; 44; 710724900
213804675; 18; 50; 1; 5000; 0.5; 20; 150; 0.5; 30; 0; 1550; 98; 1120800800
213804675; 18; 50; 1; 5000; 0.5; 20; 150; 0.5; 60; 0; 1653; 74; 919551500
213804675; 18; 50; 1; 5000; 0.5; 20; 150; 0.5; 100; 0; 3632; 104; 2779368100
213804675; 18; 50; 1; 5000; 0.5; 30; 20; 0.5; 30; 0; 2264; 150; 1039502600
213804675; 18; 50; 1; 5000; 0.5; 30; 20; 0.5; 60; 0; 3664; 120; 1537306000
213804675; 18; 50; 1; 5000; 0.5; 30; 20; 0.5; 100; 0; 4161; 86; 1410400000
213804675; 18; 50; 1; 5000; 0.5; 30; 50; 0.5; 30; 0; 1507; 100; 748359700
213804675; 18; 50; 1; 5000; 0.5; 30; 50; 0.5; 60; 0; 2140; 74; 853774200
213804675; 18; 50; 1; 5000; 0.5; 30; 50; 0.5; 100; 0; 3247; 68; 1314309500
213804675; 18; 50; 1; 5000; 0.5; 30; 100; 0.5; 30; 0; 830; 54; 389000700
213804675; 18; 50; 1; 5000; 0.5; 30; 100; 0.5; 60; 0; 3071; 102; 2422875900
213804675; 18; 50; 1; 5000; 0.5; 30; 100; 0.5; 100; 0; 3773; 78; 2338618600
213804675; 18; 50; 1; 5000; 0.5; 30; 150; 0.5; 30; 0; 1517; 104; 1192328100
213804675; 18; 50; 1; 5000; 0.5; 30; 150; 0.5; 60; 0; 2051; 74; 1300000100
213804675; 18; 50; 1; 5000; 0.5; 30; 150; 0.5; 100; 0; 3724; 76; 2480011100
213804675; 18; 50; 1; 5000; 0.5; 50; 20; 0.5; 30; 0; 1535; 100; 804758600
213804675; 18; 50; 1; 5000; 0.5; 50; 20; 0.5; 60; 0; 2231; 74; 961498700
213804675; 18; 50; 1; 5000; 0.5; 50; 20; 0.5; 100; 0; 3949; 80; 1588114200
213804675; 18; 50; 1; 5000; 0.5; 50; 50; 0.5; 30; 0; 1432; 94; 864130900
213804675; 18; 50; 1; 5000; 0.5; 50; 50; 0.5; 60; 0; 1678; 56; 811071900
213804675; 18; 50; 1; 5000; 0.5; 50; 50; 0.5; 100; 0; 3908; 80; 2114360300
213804675; 18; 50; 1; 5000; 0.5; 50; 100; 0.5; 30; 0; 1478; 98; 1121573900
213804675; 18; 50; 1; 5000; 0.5; 50; 100; 0.5; 60; 0; 1296; 46; 649210800
213804675; 18; 50; 1; 5000; 0.5; 50; 100; 0.5; 100; 0; 3523; 72; 2189964000
213804675; 18; 50; 1; 5000; 0.5; 50; 150; 0.5; 30; 0; 1394; 92; 1202437500
213804675; 18; 50; 1; 5000; 0.5; 50; 150; 0.5; 60; 0; 2788; 96; 2326522100
213804675; 18; 50; 1; 5000; 0.5; 50; 150; 0.5; 100; 0; 4599; 92; 3953914000
213804675; 18; 100; 1; 5000; 0.5; 20; 20; 0.5; 30; 0; 1573; 100; 987317600
213804675; 18; 100; 1; 5000; 0.5; 20; 20; 0.5; 60; 0; 3624; 122; 2589613000
213804675; 18; 100; 1; 5000; 0.5; 20; 20; 0.5; 100; 0; 3874; 80; 2001598700
213804675; 18; 100; 1; 5000; 0.5; 20; 50; 0.5; 30; 0; 2335; 146; 2298028000
213804675; 18; 100; 1; 5000; 0.5; 20; 50; 0.5; 60; 0; 3717; 126; 3133169500
213804675; 18; 100; 1; 5000; 0.5; 20; 50; 0.5; 100; 0; 4838; 98; 3451814100
213804675; 18; 100; 1; 5000; 0.5; 20; 100; 0.5; 30; 0; 2106; 82; 1927450400
213804675; 18; 100; 1; 5000; 0.5; 20; 100; 0.5; 60; 0; 1820; 64; 1259909700
213804675; 18; 100; 1; 5000; 0.5; 20; 100; 0.5; 100; 4; 5000; 98; 4718261000
213804675; 18; 100; 1; 5000; 0.5; 20; 150; 0.5; 30; 0; 1835; 76; 1686894400
213804675; 18; 100; 1; 5000; 0.5; 20; 150; 0.5; 60; 0; 3395; 76; 3352216400
213804675; 18; 100; 1; 5000; 0.5; 20; 150; 0.5; 100; 0; 4639; 86; 4724850000
213804675; 18; 100; 1; 5000; 0.5; 30; 20; 0.5; 30; 0; 1353; 88; 687596200
213804675; 18; 100; 1; 5000; 0.5; 30; 20; 0.5; 60; 0; 2972; 98; 1598740600
213804675; 18; 100; 1; 5000; 0.5; 30; 20; 0.5; 100; 0; 4852; 100; 2650411900
213804675; 18; 100; 1; 5000; 0.5; 30; 50; 0.5; 30; 0; 1368; 92; 1001752600
213804675; 18; 100; 1; 5000; 0.5; 30; 50; 0.5; 60; 0; 3235; 110; 2535754300
213804675; 18; 100; 1; 5000; 0.5; 30; 50; 0.5; 100; 4; 5000; 100; 3771963500
213804675; 18; 100; 1; 5000; 0.5; 30; 100; 0.5; 30; 0; 1311; 88; 1209665500
213804675; 18; 100; 1; 5000; 0.5; 30; 100; 0.5; 60; 0; 4168; 140; 5123979700
213804675; 18; 100; 1; 5000; 0.5; 30; 100; 0.5; 100; 0; 3178; 66; 2383194700
213804675; 18; 100; 1; 5000; 0.5; 30; 150; 0.5; 30; 0; 1683; 104; 1955733100
213804675; 18; 100; 1; 5000; 0.5; 30; 150; 0.5; 60; 0; 3810; 126; 5222961600
213804675; 18; 100; 1; 5000; 0.5; 30; 150; 0.5; 100; 0; 3988; 82; 4029173200
213804675; 18; 100; 1; 5000; 0.5; 50; 20; 0.5; 30; 0; 1223; 78; 668685000
213804675; 18; 100; 1; 5000; 0.5; 50; 20; 0.5; 60; 0; 2904; 96; 1880993300
213804675; 18; 100; 1; 5000; 0.5; 50; 20; 0.5; 100; 0; 2789; 58; 1353353200
213804675; 18; 100; 1; 5000; 0.5; 50; 50; 0.5; 30; 0; 717; 48; 420468400
213804675; 18; 100; 1; 5000; 0.5; 50; 50; 0.5; 60; 0; 1786; 62; 1145757200
213804675; 18; 100; 1; 5000; 0.5; 50; 50; 0.5; 100; 0; 2782; 60; 1708688400
213804675; 18; 100; 1; 5000; 0.5; 50; 100; 0.5; 30; 0; 1736; 114; 2100793000
213804675; 18; 100; 1; 5000; 0.5; 50; 100; 0.5; 60; 0; 1609; 58; 1234509700
213804675; 18; 100; 1; 5000; 0.5; 50; 100; 0.5; 100; 0; 4130; 86; 4006588600
213804675; 18; 100; 1; 5000; 0.5; 50; 150; 0.5; 30; 0; 1970; 132; 2957485400
213804675; 18; 100; 1; 5000; 0.5; 50; 150; 0.5; 60; 0; 2041; 72; 2044875400
213804675; 18; 100; 1; 5000; 0.5; 50; 150; 0.5; 100; 0; 4436; 92; 5088734000
420836751; 20; 10; 1; 5000; 0.5; 20; 20; 0.5; 30; 0; 796; 58; 76211200
420836751; 20; 10; 1; 5000; 0.5; 20; 20; 0.5; 60; 0; 1043; 44; 86935900
420836751; 20; 10; 1; 5000; 0.5; 20; 20; 0.5; 100; 4; 5000; 106; 676250800
420836751; 20; 10; 1; 5000; 0.5; 20; 50; 0.5; 30; 0; 686; 52; 85109000
420836751; 20; 10; 1; 5000; 0.5; 20; 50; 0.5; 60; 0; 1355; 56; 182680300
420836751; 20; 10; 1; 5000; 0.5; 20; 50; 0.5; 100; 0; 1469; 42; 177849800
420836751; 20; 10; 1; 5000; 0.5; 20; 100; 0.5; 30; 0; 227; 38; 31392900
420836751; 20; 10; 1; 5000; 0.5; 20; 100; 0.5; 60; 0; 651; 58; 113469000
420836751; 20; 10; 1; 5000; 0.5; 20; 100; 0.5; 100; 0; 499; 52; 84239300
420836751; 20; 10; 1; 5000; 0.5; 20; 150; 0.5; 30; 0; 204; 80; 44789100
420836751; 20; 10; 1; 5000; 0.5; 20; 150; 0.5; 60; 0; 122; 54; 21836700
420836751; 20; 10; 1; 5000; 0.5; 20; 150; 0.5; 100; 0; 122; 54; 25461800
420836751; 20; 10; 1; 5000; 0.5; 30; 20; 0.5; 30; 0; 548; 42; 46859900
420836751; 20; 10; 1; 5000; 0.5; 30; 20; 0.5; 60; 0; 766; 34; 65452600
420836751; 20; 10; 1; 5000; 0.5; 30; 20; 0.5; 100; 0; 1844; 46; 172261800
420836751; 20; 10; 1; 5000; 0.5; 30; 50; 0.5; 30; 0; 725; 56; 132797200
420836751; 20; 10; 1; 5000; 0.5; 30; 50; 0.5; 60; 0; 1542; 62; 264717000
420836751; 20; 10; 1; 5000; 0.5; 30; 50; 0.5; 100; 0; 1477; 36; 206763000
420836751; 20; 10; 1; 5000; 0.5; 30; 100; 0.5; 30; 0; 820; 66; 182149000
420836751; 20; 10; 1; 5000; 0.5; 30; 100; 0.5; 60; 0; 679; 34; 138371500
420836751; 20; 10; 1; 5000; 0.5; 30; 100; 0.5; 100; 0; 1074; 38; 193929200
420836751; 20; 10; 1; 5000; 0.5; 30; 150; 0.5; 30; 0; 294; 42; 64638300
420836751; 20; 10; 1; 5000; 0.5; 30; 150; 0.5; 60; 0; 679; 54; 175385400
420836751; 20; 10; 1; 5000; 0.5; 30; 150; 0.5; 100; 0; 461; 46; 109955800
420836751; 20; 10; 1; 5000; 0.5; 50; 20; 0.5; 30; 0; 1673; 114; 269805700
420836751; 20; 10; 1; 5000; 0.5; 50; 20; 0.5; 60; 0; 978; 42; 91729100
420836751; 20; 10; 1; 5000; 0.5; 50; 20; 0.5; 100; 0; 1473; 40; 139793200
420836751; 20; 10; 1; 5000; 0.5; 50; 50; 0.5; 30; 0; 385; 34; 65428100
420836751; 20; 10; 1; 5000; 0.5; 50; 50; 0.5; 60; 0; 781; 36; 136156500
420836751; 20; 10; 1; 5000; 0.5; 50; 50; 0.5; 100; 0; 1332; 36; 246592300
420836751; 20; 10; 1; 5000; 0.5; 50; 100; 0.5; 30; 0; 185; 24; 38107400
420836751; 20; 10; 1; 5000; 0.5; 50; 100; 0.5; 60; 0; 625; 32; 153206000
420836751; 20; 10; 1; 5000; 0.5; 50; 100; 0.5; 100; 0; 1124; 36; 286088700
420836751; 20; 10; 1; 5000; 0.5; 50; 150; 0.5; 30; 0; 599; 50; 188444300
420836751; 20; 10; 1; 5000; 0.5; 50; 150; 0.5; 60; 0; 1073; 48; 327972200
420836751; 20; 10; 1; 5000; 0.5; 50; 150; 0.5; 100; 0; 667; 24; 166825500
420836751; 20; 50; 1; 5000; 0.5; 20; 20; 0.5; 30; 0; 1759; 114; 600457100
420836751; 20; 50; 1; 5000; 0.5; 20; 20; 0.5; 60; 0; 1081; 38; 211221300
420836751; 20; 50; 1; 5000; 0.5; 20; 20; 0.5; 100; 0; 1406; 34; 266702500
420836751; 20; 50; 1; 5000; 0.5; 20; 50; 0.5; 30; 0; 929; 56; 309664100
420836751; 20; 50; 1; 5000; 0.5; 20; 50; 0.5; 60; 0; 1327; 46; 412682400
420836751; 20; 50; 1; 5000; 0.5; 20; 50; 0.5; 100; 0; 1185; 30; 307099600
420836751; 20; 50; 1; 5000; 0.5; 20; 100; 0.5; 30; 0; 261; 24; 86024300
420836751; 20; 50; 1; 5000; 0.5; 20; 100; 0.5; 60; 0; 668; 32; 260928400
420836751; 20; 50; 1; 5000; 0.5; 20; 100; 0.5; 100; 0; 1334; 40; 573324900
420836751; 20; 50; 1; 5000; 0.5; 20; 150; 0.5; 30; 0; 414; 54; 224888600
420836751; 20; 50; 1; 5000; 0.5; 20; 150; 0.5; 60; 0; 223; 32; 107917700
420836751; 20; 50; 1; 5000; 0.5; 20; 150; 0.5; 100; 0; 512; 56; 286602300
420836751; 20; 50; 1; 5000; 0.5; 30; 20; 0.5; 30; 0; 509; 32; 95620100
420836751; 20; 50; 1; 5000; 0.5; 30; 20; 0.5; 60; 0; 1335; 46; 308055100
420836751; 20; 50; 1; 5000; 0.5; 30; 20; 0.5; 100; 0; 2664; 64; 693124800
420836751; 20; 50; 1; 5000; 0.5; 30; 50; 0.5; 30; 0; 657; 44; 215897600
420836751; 20; 50; 1; 5000; 0.5; 30; 50; 0.5; 60; 0; 703; 28; 191243800
420836751; 20; 50; 1; 5000; 0.5; 30; 50; 0.5; 100; 0; 2102; 48; 707873500
420836751; 20; 50; 1; 5000; 0.5; 30; 100; 0.5; 30; 0; 802; 42; 339709700
420836751; 20; 50; 1; 5000; 0.5; 30; 100; 0.5; 60; 0; 1622; 52; 728300800
420836751; 20; 50; 1; 5000; 0.5; 30; 100; 0.5; 100; 0; 1826; 40; 850849600
420836751; 20; 50; 1; 5000; 0.5; 30; 150; 0.5; 30; 0; 701; 52; 410686700
420836751; 20; 50; 1; 5000; 0.5; 30; 150; 0.5; 60; 0; 1046; 52; 598352000
420836751; 20; 50; 1; 5000; 0.5; 30; 150; 0.5; 100; 0; 855; 40; 448208800
420836751; 20; 50; 1; 5000; 0.5; 50; 20; 0.5; 30; 0; 568; 40; 136490900
420836751; 20; 50; 1; 5000; 0.5; 50; 20; 0.5; 60; 0; 2587; 90; 1014033800
420836751; 20; 50; 1; 5000; 0.5; 50; 20; 0.5; 100; 0; 1523; 38; 361557900
420836751; 20; 50; 1; 5000; 0.5; 50; 50; 0.5; 30; 0; 557; 38; 204224500
420836751; 20; 50; 1; 5000; 0.5; 50; 50; 0.5; 60; 0; 1762; 62; 823990900
420836751; 20; 50; 1; 5000; 0.5; 50; 50; 0.5; 100; 0; 3352; 76; 1696939100
420836751; 20; 50; 1; 5000; 0.5; 50; 100; 0.5; 30; 0; 902; 62; 520985700
420836751; 20; 50; 1; 5000; 0.5; 50; 100; 0.5; 60; 0; 1655; 60; 958598700
420836751; 20; 50; 1; 5000; 0.5; 50; 100; 0.5; 100; 0; 2003; 48; 1021879100
420836751; 20; 50; 1; 5000; 0.5; 50; 150; 0.5; 30; 0; 818; 56; 496455100
420836751; 20; 50; 1; 5000; 0.5; 50; 150; 0.5; 60; 0; 792; 32; 387736800
420836751; 20; 50; 1; 5000; 0.5; 50; 150; 0.5; 100; 0; 1468; 34; 773251500
420836751; 20; 100; 1; 5000; 0.5; 20; 20; 0.5; 30; 0; 1214; 64; 537362600
420836751; 20; 100; 1; 5000; 0.5; 20; 20; 0.5; 60; 0; 1668; 54; 697756600
420836751; 20; 100; 1; 5000; 0.5; 20; 20; 0.5; 100; 0; 1510; 34; 507233600
420836751; 20; 100; 1; 5000; 0.5; 20; 50; 0.5; 30; 0; 1597; 72; 1012224100
420836751; 20; 100; 1; 5000; 0.5; 20; 50; 0.5; 60; 0; 3147; 96; 2184844500
420836751; 20; 100; 1; 5000; 0.5; 20; 50; 0.5; 100; 0; 2499; 50; 1211351000
420836751; 20; 100; 1; 5000; 0.5; 20; 100; 0.5; 30; 0; 417; 28; 246664600
420836751; 20; 100; 1; 5000; 0.5; 20; 100; 0.5; 60; 0; 1367; 50; 998451500
420836751; 20; 100; 1; 5000; 0.5; 20; 100; 0.5; 100; 0; 1638; 48; 1208550600
420836751; 20; 100; 1; 5000; 0.5; 20; 150; 0.5; 30; 0; 338; 38; 279885900
420836751; 20; 100; 1; 5000; 0.5; 20; 150; 0.5; 60; 0; 576; 48; 489997500
420836751; 20; 100; 1; 5000; 0.5; 20; 150; 0.5; 100; 0; 480; 44; 397725100
420836751; 20; 100; 1; 5000; 0.5; 30; 20; 0.5; 30; 0; 876; 48; 326246900
420836751; 20; 100; 1; 5000; 0.5; 30; 20; 0.5; 60; 0; 808; 24; 224715100
420836751; 20; 100; 1; 5000; 0.5; 30; 20; 0.5; 100; 0; 1729; 38; 573009900
420836751; 20; 100; 1; 5000; 0.5; 30; 50; 0.5; 30; 0; 686; 40; 323361600
420836751; 20; 100; 1; 5000; 0.5; 30; 50; 0.5; 60; 0; 1986; 70; 1146546000
420836751; 20; 100; 1; 5000; 0.5; 30; 50; 0.5; 100; 0; 1428; 30; 600342900
420836751; 20; 100; 1; 5000; 0.5; 30; 100; 0.5; 30; 0; 1360; 64; 1062112000
420836751; 20; 100; 1; 5000; 0.5; 30; 100; 0.5; 60; 0; 1626; 34; 1062902500
420836751; 20; 100; 1; 5000; 0.5; 30; 100; 0.5; 100; 0; 2441; 36; 1579070000
420836751; 20; 100; 1; 5000; 0.5; 30; 150; 0.5; 30; 0; 520; 38; 420326900
420836751; 20; 100; 1; 5000; 0.5; 30; 150; 0.5; 60; 0; 847; 44; 730410700
420836751; 20; 100; 1; 5000; 0.5; 30; 150; 0.5; 100; 0; 808; 36; 647730500
420836751; 20; 100; 1; 5000; 0.5; 50; 20; 0.5; 30; 0; 1357; 82; 729620500
420836751; 20; 100; 1; 5000; 0.5; 50; 20; 0.5; 60; 0; 2073; 68; 979785100
420836751; 20; 100; 1; 5000; 0.5; 50; 20; 0.5; 100; 0; 2469; 54; 1231429600
420836751; 20; 100; 1; 5000; 0.5; 50; 50; 0.5; 30; 0; 435; 28; 217676700
420836751; 20; 100; 1; 5000; 0.5; 50; 50; 0.5; 60; 0; 801; 36; 393277400
420836751; 20; 100; 1; 5000; 0.5; 50; 50; 0.5; 100; 0; 2658; 58; 1901428500
420836751; 20; 100; 1; 5000; 0.5; 50; 100; 0.5; 30; 0; 919; 58; 844987400
420836751; 20; 100; 1; 5000; 0.5; 50; 100; 0.5; 60; 0; 1545; 52; 1261096300
420836751; 20; 100; 1; 5000; 0.5; 50; 100; 0.5; 100; 0; 1287; 30; 871335900
420836751; 20; 100; 1; 5000; 0.5; 50; 150; 0.5; 30; 0; 787; 42; 673270200
420836751; 20; 100; 1; 5000; 0.5; 50; 150; 0.5; 60; 0; 1309; 40; 1060257900
420836751; 20; 100; 1; 5000; 0.5; 50; 150; 0.5; 100; 0; 973; 44; 955179300
163408725; 24; 10; 1; 5000; 0.5; 20; 20; 0.5; 30; 0; 755; 48; 64559200
163408725; 24; 10; 1; 5000; 0.5; 20; 20; 0.5; 60; 0; 1446; 50; 129933400
163408725; 24; 10; 1; 5000; 0.5; 20; 20; 0.5; 100; 0; 2254; 46; 183781800
163408725; 24; 10; 1; 5000; 0.5; 20; 50; 0.5; 30; 0; 666; 46; 80457700
163408725; 24; 10; 1; 5000; 0.5; 20; 50; 0.5; 60; 0; 1520; 48; 186271200
163408725; 24; 10; 1; 5000; 0.5; 20; 50; 0.5; 100; 4; 5000; 100; 953730200
163408725; 24; 10; 1; 5000; 0.5; 20; 100; 0.5; 30; 0; 2060; 162; 586767600
163408725; 24; 10; 1; 5000; 0.5; 20; 100; 0.5; 60; 0; 889; 44; 127715000
163408725; 24; 10; 1; 5000; 0.5; 20; 100; 0.5; 100; 0; 1372; 56; 191245400
163408725; 24; 10; 1; 5000; 0.5; 20; 150; 0.5; 30; 0; 681; 90; 164456600
163408725; 24; 10; 1; 5000; 0.5; 20; 150; 0.5; 60; 0; 715; 78; 141506500
163408725; 24; 10; 1; 5000; 0.5; 20; 150; 0.5; 100; 0; 771; 64; 115364100
163408725; 24; 10; 1; 5000; 0.5; 30; 20; 0.5; 30; 0; 808; 56; 88741600
163408725; 24; 10; 1; 5000; 0.5; 30; 20; 0.5; 60; 0; 1140; 44; 103478900
163408725; 24; 10; 1; 5000; 0.5; 30; 20; 0.5; 100; 0; 4041; 82; 542421500
163408725; 24; 10; 1; 5000; 0.5; 30; 50; 0.5; 30; 0; 708; 48; 103619900
163408725; 24; 10; 1; 5000; 0.5; 30; 50; 0.5; 60; 0; 2238; 74; 418129100
163408725; 24; 10; 1; 5000; 0.5; 30; 50; 0.5; 100; 0; 1789; 40; 243019000
163408725; 24; 10; 1; 5000; 0.5; 30; 100; 0.5; 30; 0; 682; 44; 132707300
163408725; 24; 10; 1; 5000; 0.5; 30; 100; 0.5; 60; 0; 1040; 40; 193618600
163408725; 24; 10; 1; 5000; 0.5; 30; 100; 0.5; 100; 0; 1759; 40; 308813000
163408725; 24; 10; 1; 5000; 0.5; 30; 150; 0.5; 30; 0; 801; 64; 194559300
163408725; 24; 10; 1; 5000; 0.5; 30; 150; 0.5; 60; 0; 677; 40; 122572300
163408725; 24; 10; 1; 5000; 0.5; 30; 150; 0.5; 100; 0; 1395; 46; 274211700
163408725; 24; 10; 1; 5000; 0.5; 50; 20; 0.5; 30; 0; 1157; 76; 149647600
163408725; 24; 10; 1; 5000; 0.5; 50; 20; 0.5; 60; 0; 1910; 66; 226020800
163408725; 24; 10; 1; 5000; 0.5; 50; 20; 0.5; 100; 4; 5000; 98; 756404300
163408725; 24; 10; 1; 5000; 0.5; 50; 50; 0.5; 30; 0; 2248; 148; 874402100
163408725; 24; 10; 1; 5000; 0.5; 50; 50; 0.5; 60; 0; 1690; 60; 361256000
163408725; 24; 10; 1; 5000; 0.5; 50; 50; 0.5; 100; 0; 2094; 42; 427190800
163408725; 24; 10; 1; 5000; 0.5; 50; 100; 0.5; 30; 0; 1083; 74; 364203800
163408725; 24; 10; 1; 5000; 0.5; 50; 100; 0.5; 60; 0; 1172; 46; 334362800
163408725; 24; 10; 1; 5000; 0.5; 50; 100; 0.5; 100; 0; 1356; 34; 309098700
163408725; 24; 10; 1; 5000; 0.5; 50; 150; 0.5; 30; 0; 942; 64; 339542000
163408725; 24; 10; 1; 5000; 0.5; 50; 150; 0.5; 60; 0; 1024; 40; 294579800
163408725; 24; 10; 1; 5000; 0.5; 50; 150; 0.5; 100; 0; 2379; 52; 772492800
163408725; 24; 50; 1; 5000; 0.5; 20; 20; 0.5; 30; 0; 1485; 94; 501645900
163408725; 24; 50; 1; 5000; 0.5; 20; 20; 0.5; 60; 0; 1953; 64; 487964800
163408725; 24; 50; 1; 5000; 0.5; 20; 20; 0.5; 100; 0; 3015; 60; 695539500
163408725; 24; 50; 1; 5000; 0.5; 20; 50; 0.5; 30; 0; 1231; 78; 480441600
163408725; 24; 50; 1; 5000; 0.5; 20; 50; 0.5; 60; 4; 5000; 162; 3144045200
163408725; 24; 50; 1; 5000; 0.5; 20; 50; 0.5; 100; 4; 5000; 100; 2229039200
163408725; 24; 50; 1; 5000; 0.5; 20; 100; 0.5; 30; 0; 687; 48; 268637200
163408725; 24; 50; 1; 5000; 0.5; 20; 100; 0.5; 60; 0; 1665; 56; 687921600
163408725; 24; 50; 1; 5000; 0.5; 20; 100; 0.5; 100; 0; 4359; 82; 2532107100
163408725; 24; 50; 1; 5000; 0.5; 20; 150; 0.5; 30; 0; 833; 58; 436731300
163408725; 24; 50; 1; 5000; 0.5; 20; 150; 0.5; 60; 0; 856; 50; 382631500
163408725; 24; 50; 1; 5000; 0.5; 20; 150; 0.5; 100; 0; 1916; 102; 1259838900
163408725; 24; 50; 1; 5000; 0.5; 30; 20; 0.5; 30; 0; 1057; 66; 285819000
163408725; 24; 50; 1; 5000; 0.5; 30; 20; 0.5; 60; 0; 1478; 48; 344660000
163408725; 24; 50; 1; 5000; 0.5; 30; 20; 0.5; 100; 0; 2649; 52; 607873300
163408725; 24; 50; 1; 5000; 0.5; 30; 50; 0.5; 30; 0; 858; 54; 299810700
163408725; 24; 50; 1; 5000; 0.5; 30; 50; 0.5; 60; 4; 5000; 162; 3439623200
163408725; 24; 50; 1; 5000; 0.5; 30; 50; 0.5; 100; 0; 2698; 52; 918510800
163408725; 24; 50; 1; 5000; 0.5; 30; 100; 0.5; 30; 0; 735; 52; 322643500
163408725; 24; 50; 1; 5000; 0.5; 30; 100; 0.5; 60; 4; 5000; 160; 4380189000
163408725; 24; 50; 1; 5000; 0.5; 30; 100; 0.5; 100; 0; 2586; 54; 1158438700
163408725; 24; 50; 1; 5000; 0.5; 30; 150; 0.5; 30; 0; 1439; 74; 978348200
163408725; 24; 50; 1; 5000; 0.5; 30; 150; 0.5; 60; 0; 1551; 54; 831346100
163408725; 24; 50; 1; 5000; 0.5; 30; 150; 0.5; 100; 0; 2438; 54; 1263712100
163408725; 24; 50; 1; 5000; 0.5; 50; 20; 0.5; 30; 0; 1403; 90; 512757400
163408725; 24; 50; 1; 5000; 0.5; 50; 20; 0.5; 60; 0; 2246; 74; 695884500
163408725; 24; 50; 1; 5000; 0.5; 50; 20; 0.5; 100; 0; 4666; 96; 1791143800
163408725; 24; 50; 1; 5000; 0.5; 50; 50; 0.5; 30; 0; 1143; 72; 545939900
163408725; 24; 50; 1; 5000; 0.5; 50; 50; 0.5; 60; 0; 1466; 50; 563661100
163408725; 24; 50; 1; 5000; 0.5; 50; 50; 0.5; 100; 0; 3129; 62; 1366466300
163408725; 24; 50; 1; 5000; 0.5; 50; 100; 0.5; 30; 0; 721; 52; 360505700
163408725; 24; 50; 1; 5000; 0.5; 50; 100; 0.5; 60; 0; 3887; 136; 3449373900
163408725; 24; 50; 1; 5000; 0.5; 50; 100; 0.5; 100; 4; 5000; 98; 3640490700
163408725; 24; 50; 1; 5000; 0.5; 50; 150; 0.5; 30; 0; 1677; 106; 1511159100
163408725; 24; 50; 1; 5000; 0.5; 50; 150; 0.5; 60; 0; 1388; 48; 788264800
163408725; 24; 50; 1; 5000; 0.5; 50; 150; 0.5; 100; 0; 1825; 48; 949762400
163408725; 24; 100; 1; 5000; 0.5; 20; 20; 0.5; 30; 0; 1432; 88; 806989900
163408725; 24; 100; 1; 5000; 0.5; 20; 20; 0.5; 60; 0; 1350; 44; 488361100
163408725; 24; 100; 1; 5000; 0.5; 20; 20; 0.5; 100; 4; 5000; 100; 3014085100
163408725; 24; 100; 1; 5000; 0.5; 20; 50; 0.5; 30; 0; 999; 54; 557652700
163408725; 24; 100; 1; 5000; 0.5; 20; 50; 0.5; 60; 0; 2230; 72; 1381761100
163408725; 24; 100; 1; 5000; 0.5; 20; 50; 0.5; 100; 0; 2621; 54; 1271527200
163408725; 24; 100; 1; 5000; 0.5; 20; 100; 0.5; 30; 0; 816; 42; 522246700
163408725; 24; 100; 1; 5000; 0.5; 20; 100; 0.5; 60; 0; 3062; 66; 2629854900
163408725; 24; 100; 1; 5000; 0.5; 20; 100; 0.5; 100; 0; 2449; 48; 1616901900
163408725; 24; 100; 1; 5000; 0.5; 20; 150; 0.5; 30; 0; 1201; 64; 1052691400
163408725; 24; 100; 1; 5000; 0.5; 20; 150; 0.5; 60; 0; 1498; 62; 1178454300
163408725; 24; 100; 1; 5000; 0.5; 20; 150; 0.5; 100; 0; 2330; 68; 2119813100
163408725; 24; 100; 1; 5000; 0.5; 30; 20; 0.5; 30; 4; 5000; 318; 6665926000
163408725; 24; 100; 1; 5000; 0.5; 30; 20; 0.5; 60; 0; 2183; 72; 970433500
163408725; 24; 100; 1; 5000; 0.5; 30; 20; 0.5; 100; 0; 4722; 94; 2462660100
163408725; 24; 100; 1; 5000; 0.5; 30; 50; 0.5; 30; 0; 1539; 96; 1144324600
163408725; 24; 100; 1; 5000; 0.5; 30; 50; 0.5; 60; 0; 2564; 84; 1913131600
163408725; 24; 100; 1; 5000; 0.5; 30; 50; 0.5; 100; 0; 2169; 44; 1028868100
163408725; 24; 100; 1; 5000; 0.5; 30; 100; 0.5; 30; 0; 1512; 64; 1379825000
163408725; 24; 100; 1; 5000; 0.5; 30; 100; 0.5; 60; 0; 1470; 50; 978479600
163408725; 24; 100; 1; 5000; 0.5; 30; 100; 0.5; 100; 0; 3861; 76; 3300186000
163408725; 24; 100; 1; 5000; 0.5; 30; 150; 0.5; 30; 0; 1118; 46; 973619900
163408725; 24; 100; 1; 5000; 0.5; 30; 150; 0.5; 60; 0; 3511; 84; 4066990400
163408725; 24; 100; 1; 5000; 0.5; 30; 150; 0.5; 100; 0; 2162; 42; 1557474400
163408725; 24; 100; 1; 5000; 0.5; 50; 20; 0.5; 30; 0; 1057; 68; 506937600
163408725; 24; 100; 1; 5000; 0.5; 50; 20; 0.5; 60; 0; 2125; 68; 975575700
163408725; 24; 100; 1; 5000; 0.5; 50; 20; 0.5; 100; 4; 5000; 96; 2759713300
163408725; 24; 100; 1; 5000; 0.5; 50; 50; 0.5; 30; 0; 888; 54; 535087300
163408725; 24; 100; 1; 5000; 0.5; 50; 50; 0.5; 60; 0; 1593; 52; 893313000
163408725; 24; 100; 1; 5000; 0.5; 50; 50; 0.5; 100; 0; 1845; 36; 868664800
163408725; 24; 100; 1; 5000; 0.5; 50; 100; 0.5; 30; 0; 1727; 110; 1985048600
163408725; 24; 100; 1; 5000; 0.5; 50; 100; 0.5; 60; 0; 2195; 70; 1922976300
163408725; 24; 100; 1; 5000; 0.5; 50; 100; 0.5; 100; 0; 3735; 74; 3291925200
163408725; 24; 100; 1; 5000; 0.5; 50; 150; 0.5; 30; 0; 924; 56; 837548700
163408725; 24; 100; 1; 5000; 0.5; 50; 150; 0.5; 60; 0; 1430; 48; 1135916300
163408725; 24; 100; 1; 5000; 0.5; 50; 150; 0.5; 100; 0; 2310; 44; 1806602600
567408321; 30; 10; 1; 5000; 0.5; 20; 20; 0.5; 30; 0; 1918; 142; 309372000
567408321; 30; 10; 1; 5000; 0.5; 20; 20; 0.5; 60; 0; 2488; 98; 320877700
567408321; 30; 10; 1; 5000; 0.5; 20; 20; 0.5; 100; 4; 5000; 116; 748255600
567408321; 30; 10; 1; 5000; 0.5; 20; 50; 0.5; 30; 0; 577; 54; 76971800
567408321; 30; 10; 1; 5000; 0.5; 20; 50; 0.5; 60; 0; 404; 34; 38093400
567408321; 30; 10; 1; 5000; 0.5; 20; 50; 0.5; 100; 0; 531; 38; 52768600
567408321; 30; 10; 1; 5000; 0.5; 20; 100; 0.5; 30; 0; 105; 42; 12145100
567408321; 30; 10; 1; 5000; 0.5; 20; 100; 0.5; 60; 0; 397; 56; 65038800
567408321; 30; 10; 1; 5000; 0.5; 20; 100; 0.5; 100; 0; 476; 48; 71620500
567408321; 30; 10; 1; 5000; 0.5; 20; 150; 0.5; 30; 0; 149; 56; 21569600
567408321; 30; 10; 1; 5000; 0.5; 20; 150; 0.5; 60; 0; 157; 58; 24818300
567408321; 30; 10; 1; 5000; 0.5; 20; 150; 0.5; 100; 0; 629; 118; 162752400
567408321; 30; 10; 1; 5000; 0.5; 30; 20; 0.5; 30; 0; 304; 36; 23855600
567408321; 30; 10; 1; 5000; 0.5; 30; 20; 0.5; 60; 0; 406; 32; 27517100
567408321; 30; 10; 1; 5000; 0.5; 30; 20; 0.5; 100; 0; 1767; 52; 178699900
567408321; 30; 10; 1; 5000; 0.5; 30; 50; 0.5; 30; 0; 1355; 108; 312169600
567408321; 30; 10; 1; 5000; 0.5; 30; 50; 0.5; 60; 0; 1222; 60; 224644500
567408321; 30; 10; 1; 5000; 0.5; 30; 50; 0.5; 100; 0; 4595; 114; 1113617900
567408321; 30; 10; 1; 5000; 0.5; 30; 100; 0.5; 30; 0; 295; 42; 54123400
567408321; 30; 10; 1; 5000; 0.5; 30; 100; 0.5; 60; 0; 326; 34; 47457800
567408321; 30; 10; 1; 5000; 0.5; 30; 100; 0.5; 100; 0; 194; 34; 23502300
567408321; 30; 10; 1; 5000; 0.5; 30; 150; 0.5; 30; 0; 92; 34; 15714000
567408321; 30; 10; 1; 5000; 0.5; 30; 150; 0.5; 60; 0; 345; 48; 68663800
567408321; 30; 10; 1; 5000; 0.5; 30; 150; 0.5; 100; 0; 179; 40; 30824200
567408321; 30; 10; 1; 5000; 0.5; 50; 20; 0.5; 30; 0; 288; 34; 23482100
567408321; 30; 10; 1; 5000; 0.5; 50; 20; 0.5; 60; 0; 4415; 162; 960159600
567408321; 30; 10; 1; 5000; 0.5; 50; 20; 0.5; 100; 0; 2737; 74; 353898600
567408321; 30; 10; 1; 5000; 0.5; 50; 50; 0.5; 30; 0; 1965; 144; 712017300
567408321; 30; 10; 1; 5000; 0.5; 50; 50; 0.5; 60; 0; 636; 36; 113655000
567408321; 30; 10; 1; 5000; 0.5; 50; 50; 0.5; 100; 0; 1227; 44; 212515500
567408321; 30; 10; 1; 5000; 0.5; 50; 100; 0.5; 30; 0; 878; 76; 302562600
567408321; 30; 10; 1; 5000; 0.5; 50; 100; 0.5; 60; 0; 230; 32; 40564100
567408321; 30; 10; 1; 5000; 0.5; 50; 100; 0.5; 100; 0; 2651; 80; 1024417100
567408321; 30; 10; 1; 5000; 0.5; 50; 150; 0.5; 30; 0; 693; 66; 268945300
567408321; 30; 10; 1; 5000; 0.5; 50; 150; 0.5; 60; 0; 234; 36; 54216100
567408321; 30; 10; 1; 5000; 0.5; 50; 150; 0.5; 100; 0; 2123; 68; 867174700
567408321; 30; 50; 1; 5000; 0.5; 20; 20; 0.5; 30; 0; 467; 34; 85167300
567408321; 30; 50; 1; 5000; 0.5; 20; 20; 0.5; 60; 0; 616; 34; 106673000
567408321; 30; 50; 1; 5000; 0.5; 20; 20; 0.5; 100; 4; 5000; 112; 1729848100
567408321; 30; 50; 1; 5000; 0.5; 20; 50; 0.5; 30; 0; 431; 34; 110821600
567408321; 30; 50; 1; 5000; 0.5; 20; 50; 0.5; 60; 0; 483; 36; 112028200
567408321; 30; 50; 1; 5000; 0.5; 20; 50; 0.5; 100; 0; 929; 34; 213976900
567408321; 30; 50; 1; 5000; 0.5; 20; 100; 0.5; 30; 0; 1442; 82; 864080400
567408321; 30; 50; 1; 5000; 0.5; 20; 100; 0.5; 60; 0; 287; 36; 82878100
567408321; 30; 50; 1; 5000; 0.5; 20; 100; 0.5; 100; 0; 2031; 68; 1079901900
567408321; 30; 50; 1; 5000; 0.5; 20; 150; 0.5; 30; 0; 894; 126; 783535700
567408321; 30; 50; 1; 5000; 0.5; 20; 150; 0.5; 60; 0; 232; 44; 78637500
567408321; 30; 50; 1; 5000; 0.5; 20; 150; 0.5; 100; 0; 334; 46; 109045900
567408321; 30; 50; 1; 5000; 0.5; 30; 20; 0.5; 30; 0; 1408; 96; 468403900
567408321; 30; 50; 1; 5000; 0.5; 30; 20; 0.5; 60; 0; 893; 46; 191024600
567408321; 30; 50; 1; 5000; 0.5; 30; 20; 0.5; 100; 0; 2862; 72; 809689300
567408321; 30; 50; 1; 5000; 0.5; 30; 50; 0.5; 30; 0; 1779; 132; 1073700500
567408321; 30; 50; 1; 5000; 0.5; 30; 50; 0.5; 60; 0; 854; 40; 253972500
567408321; 30; 50; 1; 5000; 0.5; 30; 50; 0.5; 100; 0; 2524; 68; 963450700
567408321; 30; 50; 1; 5000; 0.5; 30; 100; 0.5; 30; 0; 185; 30; 58360900
567408321; 30; 50; 1; 5000; 0.5; 30; 100; 0.5; 60; 0; 558; 34; 184317200
567408321; 30; 50; 1; 5000; 0.5; 30; 100; 0.5; 100; 0; 965; 36; 360154700
567408321; 30; 50; 1; 5000; 0.5; 30; 150; 0.5; 30; 0; 219; 36; 87721800
567408321; 30; 50; 1; 5000; 0.5; 30; 150; 0.5; 60; 0; 335; 36; 123715100
567408321; 30; 50; 1; 5000; 0.5; 30; 150; 0.5; 100; 0; 227; 32; 74485200
567408321; 30; 50; 1; 5000; 0.5; 50; 20; 0.5; 30; 0; 1245; 86; 410412000
567408321; 30; 50; 1; 5000; 0.5; 50; 20; 0.5; 60; 0; 2102; 84; 753884800
567408321; 30; 50; 1; 5000; 0.5; 50; 20; 0.5; 100; 0; 3286; 80; 1117768000
567408321; 30; 50; 1; 5000; 0.5; 50; 50; 0.5; 30; 0; 318; 34; 102276200
567408321; 30; 50; 1; 5000; 0.5; 50; 50; 0.5; 60; 0; 2434; 100; 1473830900
567408321; 30; 50; 1; 5000; 0.5; 50; 50; 0.5; 100; 0; 3654; 92; 2115798200
567408321; 30; 50; 1; 5000; 0.5; 50; 100; 0.5; 30; 0; 1750; 128; 1557983300
567408321; 30; 50; 1; 5000; 0.5; 50; 100; 0.5; 60; 0; 1438; 64; 795440400
567408321; 30; 50; 1; 5000; 0.5; 50; 100; 0.5; 100; 0; 533; 30; 204095000
567408321; 30; 50; 1; 5000; 0.5; 50; 150; 0.5; 30; 0; 1023; 84; 818427400
567408321; 30; 50; 1; 5000; 0.5; 50; 150; 0.5; 60; 0; 186; 32; 71243900
567408321; 30; 50; 1; 5000; 0.5; 50; 150; 0.5; 100; 0; 1211; 42; 702276000
567408321; 30; 100; 1; 5000; 0.5; 20; 20; 0.5; 30; 0; 2485; 156; 1951004900
567408321; 30; 100; 1; 5000; 0.5; 20; 20; 0.5; 60; 0; 1631; 56; 683377600
567408321; 30; 100; 1; 5000; 0.5; 20; 20; 0.5; 100; 0; 3919; 88; 2240058000
567408321; 30; 100; 1; 5000; 0.5; 20; 50; 0.5; 30; 0; 3029; 164; 3132118700
567408321; 30; 100; 1; 5000; 0.5; 20; 50; 0.5; 60; 0; 2142; 68; 1280889900
567408321; 30; 100; 1; 5000; 0.5; 20; 50; 0.5; 100; 0; 2827; 66; 1645006300
567408321; 30; 100; 1; 5000; 0.5; 20; 100; 0.5; 30; 0; 225; 36; 110797500
567408321; 30; 100; 1; 5000; 0.5; 20; 100; 0.5; 60; 0; 283; 36; 162101200
567408321; 30; 100; 1; 5000; 0.5; 20; 100; 0.5; 100; 0; 379; 34; 155471000
567408321; 30; 100; 1; 5000; 0.5; 20; 150; 0.5; 30; 0; 229; 40; 165687700
567408321; 30; 100; 1; 5000; 0.5; 20; 150; 0.5; 60; 0; 325; 44; 239504100
567408321; 30; 100; 1; 5000; 0.5; 20; 150; 0.5; 100; 0; 356; 42; 203390800
567408321; 30; 100; 1; 5000; 0.5; 30; 20; 0.5; 30; 0; 1862; 118; 1143932600
567408321; 30; 100; 1; 5000; 0.5; 30; 20; 0.5; 60; 0; 843; 34; 261151700
567408321; 30; 100; 1; 5000; 0.5; 30; 20; 0.5; 100; 4; 5000; 110; 2988472000
567408321; 30; 100; 1; 5000; 0.5; 30; 50; 0.5; 30; 0; 850; 60; 533333300
567408321; 30; 100; 1; 5000; 0.5; 30; 50; 0.5; 60; 0; 613; 34; 276920000
567408321; 30; 100; 1; 5000; 0.5; 30; 50; 0.5; 100; 0; 1590; 46; 775118700
567408321; 30; 100; 1; 5000; 0.5; 30; 100; 0.5; 30; 0; 1443; 80; 1380643400
567408321; 30; 100; 1; 5000; 0.5; 30; 100; 0.5; 60; 0; 2124; 66; 1856035900
567408321; 30; 100; 1; 5000; 0.5; 30; 100; 0.5; 100; 0; 2952; 58; 2529896400
567408321; 30; 100; 1; 5000; 0.5; 30; 150; 0.5; 30; 0; 660; 54; 640167900
567408321; 30; 100; 1; 5000; 0.5; 30; 150; 0.5; 60; 0; 428; 38; 290811100
567408321; 30; 100; 1; 5000; 0.5; 30; 150; 0.5; 100; 0; 863; 50; 712520600
567408321; 30; 100; 1; 5000; 0.5; 50; 20; 0.5; 30; 0; 456; 34; 165168100
567408321; 30; 100; 1; 5000; 0.5; 50; 20; 0.5; 60; 0; 1358; 54; 562849800
567408321; 30; 100; 1; 5000; 0.5; 50; 20; 0.5; 100; 0; 2400; 58; 1090249600
567408321; 30; 100; 1; 5000; 0.5; 50; 50; 0.5; 30; 4; 5000; 326; 10232675200
567408321; 30; 100; 1; 5000; 0.5; 50; 50; 0.5; 60; 0; 511; 38; 250903400
567408321; 30; 100; 1; 5000; 0.5; 50; 50; 0.5; 100; 0; 773; 34; 322796400
567408321; 30; 100; 1; 5000; 0.5; 50; 100; 0.5; 30; 0; 2423; 170; 4026269000
567408321; 30; 100; 1; 5000; 0.5; 50; 100; 0.5; 60; 0; 1593; 68; 1496780100
567408321; 30; 100; 1; 5000; 0.5; 50; 100; 0.5; 100; 0; 1464; 52; 1110667900
567408321; 30; 100; 1; 5000; 0.5; 50; 150; 0.5; 30; 0; 938; 64; 959351800
567408321; 30; 100; 1; 5000; 0.5; 50; 150; 0.5; 60; 0; 490; 38; 381964500
567408321; 30; 100; 1; 5000; 0.5; 50; 150; 0.5; 100; 0; 1496; 48; 1328918200
527804361; 30; 10; 1; 5000; 0.5; 20; 20; 0.5; 30; 0; 1956; 138; 324355100
527804361; 30; 10; 1; 5000; 0.5; 20; 20; 0.5; 60; 4; 5000; 174; 946664800
527804361; 30; 10; 1; 5000; 0.5; 20; 20; 0.5; 100; 0; 2875; 68; 296869200
527804361; 30; 10; 1; 5000; 0.5; 20; 50; 0.5; 30; 0; 1797; 130; 387048100
527804361; 30; 10; 1; 5000; 0.5; 20; 50; 0.5; 60; 0; 2145; 82; 339623300
527804361; 30; 10; 1; 5000; 0.5; 20; 50; 0.5; 100; 0; 3227; 80; 516244000
527804361; 30; 10; 1; 5000; 0.5; 20; 100; 0.5; 30; 0; 340; 46; 43656800
527804361; 30; 10; 1; 5000; 0.5; 20; 100; 0.5; 60; 0; 1865; 132; 451858200
527804361; 30; 10; 1; 5000; 0.5; 20; 100; 0.5; 100; 0; 680; 52; 81247700
527804361; 30; 10; 1; 5000; 0.5; 20; 150; 0.5; 30; 0; 1016; 206; 365065700
527804361; 30; 10; 1; 5000; 0.5; 20; 150; 0.5; 60; 0; 1370; 230; 535088100
527804361; 30; 10; 1; 5000; 0.5; 20; 150; 0.5; 100; 0; 788; 106; 131454600
527804361; 30; 10; 1; 5000; 0.5; 30; 20; 0.5; 30; 0; 1895; 130; 320783000
527804361; 30; 10; 1; 5000; 0.5; 30; 20; 0.5; 60; 4; 5000; 166; 999206800
527804361; 30; 10; 1; 5000; 0.5; 30; 20; 0.5; 100; 0; 2875; 70; 330440100
527804361; 30; 10; 1; 5000; 0.5; 30; 50; 0.5; 30; 0; 866; 70; 152998900
527804361; 30; 10; 1; 5000; 0.5; 30; 50; 0.5; 60; 0; 2405; 96; 523842300
527804361; 30; 10; 1; 5000; 0.5; 30; 50; 0.5; 100; 4; 5000; 110; 1282633100
527804361; 30; 10; 1; 5000; 0.5; 30; 100; 0.5; 30; 0; 3591; 242; 1876145300
527804361; 30; 10; 1; 5000; 0.5; 30; 100; 0.5; 60; 0; 984; 48; 184336500
527804361; 30; 10; 1; 5000; 0.5; 30; 100; 0.5; 100; 0; 3186; 82; 878800300
527804361; 30; 10; 1; 5000; 0.5; 30; 150; 0.5; 30; 0; 611; 74; 224800600
527804361; 30; 10; 1; 5000; 0.5; 30; 150; 0.5; 60; 0; 700; 68; 180388300
527804361; 30; 10; 1; 5000; 0.5; 30; 150; 0.5; 100; 0; 906; 60; 194325900
527804361; 30; 10; 1; 5000; 0.5; 50; 20; 0.5; 30; 0; 3966; 268; 1197139500
527804361; 30; 10; 1; 5000; 0.5; 50; 20; 0.5; 60; 4; 5000; 168; 1057479700
527804361; 30; 10; 1; 5000; 0.5; 50; 20; 0.5; 100; 4; 5000; 108; 826177700
527804361; 30; 10; 1; 5000; 0.5; 50; 50; 0.5; 30; 0; 2083; 150; 776624800
527804361; 30; 10; 1; 5000; 0.5; 50; 50; 0.5; 60; 4; 5000; 170; 2125070500
527804361; 30; 10; 1; 5000; 0.5; 50; 50; 0.5; 100; 0; 2156; 54; 415575100
527804361; 30; 10; 1; 5000; 0.5; 50; 100; 0.5; 30; 0; 2576; 178; 1531320600
527804361; 30; 10; 1; 5000; 0.5; 50; 100; 0.5; 60; 0; 696; 42; 181529200
527804361; 30; 10; 1; 5000; 0.5; 50; 100; 0.5; 100; 4; 5000; 112; 2315989700
527804361; 30; 10; 1; 5000; 0.5; 50; 150; 0.5; 30; 0; 744; 64; 253790600
527804361; 30; 10; 1; 5000; 0.5; 50; 150; 0.5; 60; 0; 1510; 70; 560568500
527804361; 30; 10; 1; 5000; 0.5; 50; 150; 0.5; 100; 0; 2087; 60; 718009200
527804361; 30; 50; 1; 5000; 0.5; 20; 20; 0.5; 30; 4; 5000; 320; 3640297100
527804361; 30; 50; 1; 5000; 0.5; 20; 20; 0.5; 60; 0; 4496; 160; 1994385200
527804361; 30; 50; 1; 5000; 0.5; 20; 20; 0.5; 100; 4; 5000; 106; 1683335500
527804361; 30; 50; 1; 5000; 0.5; 20; 50; 0.5; 30; 0; 2851; 176; 2275595400
527804361; 30; 50; 1; 5000; 0.5; 20; 50; 0.5; 60; 4; 5000; 166; 3833817000
527804361; 30; 50; 1; 5000; 0.5; 20; 50; 0.5; 100; 4; 5000; 108; 2619485000
527804361; 30; 50; 1; 5000; 0.5; 20; 100; 0.5; 30; 0; 1936; 116; 1572244800
527804361; 30; 50; 1; 5000; 0.5; 20; 100; 0.5; 60; 4; 5000; 144; 4465078200
527804361; 30; 50; 1; 5000; 0.5; 20; 100; 0.5; 100; 0; 2514; 72; 1355500400
527804361; 30; 50; 1; 5000; 0.5; 20; 150; 0.5; 30; 0; 2092; 254; 3223293600
527804361; 30; 50; 1; 5000; 0.5; 20; 150; 0.5; 60; 0; 652; 54; 246385100
527804361; 30; 50; 1; 5000; 0.5; 20; 150; 0.5; 100; 4; 5000; 368; 10141902100
527804361; 30; 50; 1; 5000; 0.5; 30; 20; 0.5; 30; 0; 3931; 252; 2636626200
527804361; 30; 50; 1; 5000; 0.5; 30; 20; 0.5; 60; 0; 3590; 118; 1388242000
527804361; 30; 50; 1; 5000; 0.5; 30; 20; 0.5; 100; 0; 4492; 96; 1565336900
527804361; 30; 50; 1; 5000; 0.5; 30; 50; 0.5; 30; 4; 5000; 322; 5962276200
527804361; 30; 50; 1; 5000; 0.5; 30; 50; 0.5; 60; 0; 4458; 154; 2930968800
527804361; 30; 50; 1; 5000; 0.5; 30; 50; 0.5; 100; 4; 5000; 108; 2698876200
527804361; 30; 50; 1; 5000; 0.5; 30; 100; 0.5; 30; 0; 4343; 272; 5829855600
527804361; 30; 50; 1; 5000; 0.5; 30; 100; 0.5; 60; 0; 2954; 102; 2152210700
527804361; 30; 50; 1; 5000; 0.5; 30; 100; 0.5; 100; 0; 3443; 80; 2095775000
527804361; 30; 50; 1; 5000; 0.5; 30; 150; 0.5; 30; 0; 1731; 104; 1632987700
527804361; 30; 50; 1; 5000; 0.5; 30; 150; 0.5; 60; 0; 3592; 120; 3382241300
527804361; 30; 50; 1; 5000; 0.5; 30; 150; 0.5; 100; 0; 1062; 52; 552874600
527804361; 30; 50; 1; 5000; 0.5; 50; 20; 0.5; 30; 0; 1501; 98; 584299500
527804361; 30; 50; 1; 5000; 0.5; 50; 20; 0.5; 60; 0; 4316; 148; 2249239200
527804361; 30; 50; 1; 5000; 0.5; 50; 20; 0.5; 100; 4; 5000; 104; 1979808800
527804361; 30; 50; 1; 5000; 0.5; 50; 50; 0.5; 30; 0; 589; 46; 256506000
527804361; 30; 50; 1; 5000; 0.5; 50; 50; 0.5; 60; 0; 3242; 116; 2180188700
527804361; 30; 50; 1; 5000; 0.5; 50; 50; 0.5; 100; 0; 1126; 34; 365736100
527804361; 30; 50; 1; 5000; 0.5; 50; 100; 0.5; 30; 0; 2220; 142; 2293663300
527804361; 30; 50; 1; 5000; 0.5; 50; 100; 0.5; 60; 4; 5000; 172; 8258802200
527804361; 30; 50; 1; 5000; 0.5; 50; 100; 0.5; 100; 4; 5000; 112; 5693670500
527804361; 30; 50; 1; 5000; 0.5; 50; 150; 0.5; 30; 0; 1261; 86; 1173476400
527804361; 30; 50; 1; 5000; 0.5; 50; 150; 0.5; 60; 0; 2990; 112; 3318185800
527804361; 30; 50; 1; 5000; 0.5; 50; 150; 0.5; 100; 0; 2988; 68; 2004810100
527804361; 30; 100; 1; 5000; 0.5; 20; 20; 0.5; 30; 0; 3645; 228; 3842131900
527804361; 30; 100; 1; 5000; 0.5; 20; 20; 0.5; 60; 4; 5000; 166; 4544952400
527804361; 30; 100; 1; 5000; 0.5; 20; 20; 0.5; 100; 4; 5000; 100; 3751329800
527804361; 30; 100; 1; 5000; 0.5; 20; 50; 0.5; 30; 4; 5000; 268; 8612971000
527804361; 30; 100; 1; 5000; 0.5; 20; 50; 0.5; 60; 4; 5000; 150; 5731243400
527804361; 30; 100; 1; 5000; 0.5; 20; 50; 0.5; 100; 0; 2501; 52; 1393009400
527804361; 30; 100; 1; 5000; 0.5; 20; 100; 0.5; 30; 0; 1038; 64; 911335100
527804361; 30; 100; 1; 5000; 0.5; 20; 100; 0.5; 60; 0; 1463; 50; 1109119900
527804361; 30; 100; 1; 5000; 0.5; 20; 100; 0.5; 100; 4; 5000; 92; 5905397100
527804361; 30; 100; 1; 5000; 0.5; 20; 150; 0.5; 30; 0; 1346; 114; 1846087000
527804361; 30; 100; 1; 5000; 0.5; 20; 150; 0.5; 60; 0; 2236; 132; 3465449400
527804361; 30; 100; 1; 5000; 0.5; 20; 150; 0.5; 100; 0; 2693; 134; 4163023400
527804361; 30; 100; 1; 5000; 0.5; 30; 20; 0.5; 30; 4; 5000; 316; 6230190600
527804361; 30; 100; 1; 5000; 0.5; 30; 20; 0.5; 60; 4; 5000; 164; 4027556200
527804361; 30; 100; 1; 5000; 0.5; 30; 20; 0.5; 100; 0; 4076; 86; 2112671100
527804361; 30; 100; 1; 5000; 0.5; 30; 50; 0.5; 30; 0; 733; 54; 419282900
527804361; 30; 100; 1; 5000; 0.5; 30; 50; 0.5; 60; 0; 2941; 102; 2597329600
527804361; 30; 100; 1; 5000; 0.5; 30; 50; 0.5; 100; 0; 4595; 96; 3510987100
527804361; 30; 100; 1; 5000; 0.5; 30; 100; 0.5; 30; 0; 3211; 166; 4816304900
527804361; 30; 100; 1; 5000; 0.5; 30; 100; 0.5; 60; 0; 2513; 74; 2178017500
527804361; 30; 100; 1; 5000; 0.5; 30; 100; 0.5; 100; 0; 2961; 60; 2484695300
527804361; 30; 100; 1; 5000; 0.5; 30; 150; 0.5; 30; 0; 2716; 116; 4400369700
527804361; 30; 100; 1; 5000; 0.5; 30; 150; 0.5; 60; 0; 2934; 82; 3731052400
527804361; 30; 100; 1; 5000; 0.5; 30; 150; 0.5; 100; 0; 1969; 66; 2336273100
527804361; 30; 100; 1; 5000; 0.5; 50; 20; 0.5; 30; 4; 5000; 318; 7263275800
527804361; 30; 100; 1; 5000; 0.5; 50; 20; 0.5; 60; 4; 5000; 162; 4077780700
527804361; 30; 100; 1; 5000; 0.5; 50; 20; 0.5; 100; 4; 5000; 106; 3093948100
527804361; 30; 100; 1; 5000; 0.5; 50; 50; 0.5; 30; 4; 5000; 324; 10074552100
527804361; 30; 100; 1; 5000; 0.5; 50; 50; 0.5; 60; 0; 2430; 84; 1738871700
527804361; 30; 100; 1; 5000; 0.5; 50; 50; 0.5; 100; 4; 5000; 104; 4263985400
527804361; 30; 100; 1; 5000; 0.5; 50; 100; 0.5; 30; 4; 5000; 320; 13877420900
527804361; 30; 100; 1; 5000; 0.5; 50; 100; 0.5; 60; 0; 2161; 80; 2120778500
527804361; 30; 100; 1; 5000; 0.5; 50; 100; 0.5; 100; 0; 4058; 92; 4095677400
527804361; 30; 100; 1; 5000; 0.5; 50; 150; 0.5; 30; 0; 3062; 196; 6491006800
527804361; 30; 100; 1; 5000; 0.5; 50; 150; 0.5; 60; 0; 2514; 90; 3086334200
527804361; 30; 100; 1; 5000; 0.5; 50; 150; 0.5; 100; 0; 3438; 80; 4011750800
